Timestamp;SMEA.MI;CSPXJ.MI;INAA.MI;XMME.MI;LCJP.MI;XBLC.MI;GOVA.MI;X13E.MI;XAD5.MI
30/12/2024;77,8;175,78;105,08;54,098;16,948;157,32;25,69;169,98;240,58
27/12/2024;78,34;175,85;105,71;54,376;17,062;157,21;25,645;169,95;241,53
23/12/2024;77,57;175,03;105,4;54,598;16,68;157,75;25,725;170,08;241,62
20/12/2024;77,6;174,52;105,52;54,53;16,776;157,64;25,795;169,94;242,26
19/12/2024;78,31;175,29;105,27;54,718;16,806;157,63;25,765;169,91;240,12
18/12/2024;79,48;177,8;107,02;55,008;17,02;157,95;25,865;170,01;242,16
17/12/2024;79,43;178,61;106,57;54,88;17,004;158,1;25,875;169,89;241,69
16/12/2024;79,71;178,28;107,03;55,178;17,02;158,24;25,855;169,93;242,72
13/12/2024;79,8;178,61;106,56;55,324;17,12;158,28;25,875;169,81;243,82
12/12/2024;80,09;179,84;107,2;55,52;17,4;158,84;25,98;169,96;245,54
11/12/2024;80,18;181,12;107,66;55,576;17,486;158,94;26,1;170,12;249
10/12/2024;80;181,32;106,88;55,448;17,27;159,06;26,135;170,07;246,01
09/12/2024;80,44;183,88;106,48;56,138;17,27;159,16;26,135;170,09;242,56
06/12/2024;80,31;180,42;106,93;54,884;17,38;159,09;26,13;169,92;240,14
05/12/2024;80,16;182,04;106,89;54,938;17,42;158,74;26,14;169,91;239,97
04/12/2024;79,9;182,85;107,06;54,746;17,5;158,97;26,14;169,98;242,42
03/12/2024;79,6;184,24;106,66;54,604;17,546;158,53;26,13;169,97;242,04
02/12/2024;79,29;183,58;106,93;54,558;17,394;159,08;26,12;170,11;242,32
29/11/2024;78,74;183,47;106,1;54,032;16,994;158,85;26,075;169,98;242,5
28/11/2024;78,28;182,32;105,79;53,672;16,844;158,32;25,985;169,76;240,87
27/11/2024;77,93;182,15;105,36;53,85;16,66;158,26;25,88;169,55;240,51
26/11/2024;78,08;181,56;106,44;54,386;16,72;157,66;25,82;169,56;241,32
25/11/2024;78,51;182,94;106,06;54,562;16,826;157,84;25,82;169,67;241,48
22/11/2024;78,56;184,29;106,38;54,796;16,852;157,1;25,75;169,61;250,06
21/11/2024;77,62;183,28;105,14;54,334;16,654;156,85;25,665;169,32;244,66
20/11/2024;77,27;180,91;103,6;54,24;16,456;156,7;25,635;169,21;242,62
19/11/2024;77,3;181,1;103,3;54,288;16,572;157;25,65;169,2;238,55
18/11/2024;77,65;179,99;103,45;54,194;16,626;156,65;25,6;169,22;237,75
15/11/2024;77,61;178,61;103,23;53,894;16,536;156,68;25,635;169,28;234,09
14/11/2024;78,27;179,43;104,68;53,94;16,63;157,14;25,63;169,28;234,26
13/11/2024;77,42;178,56;104,91;54,068;16,572;156,68;25,535;169,04;236,09
12/11/2024;77,41;177,99;104,44;54,152;16,662;156,76;25,56;169,07;235,66
11/11/2024;79,02;179,75;104,45;54,986;16,908;157;25,605;169,07;236,24
08/11/2024;78,16;178,02;103,31;54,968;16,708;156,63;25,505;169,02;240,91
07/11/2024;78,7;179,55;102,24;55,924;16,66;156,16;25,375;168,81;240,06
06/11/2024;78,21;175,3;101,56;54,974;16,6;156,53;25,45;168,88;239,21
05/11/2024;78,6;174,2;97,54;54,928;16,33;155,8;25,43;168,63;241,3
04/11/2024;78,56;173,46;97,22;54,492;16,232;156,4;25,48;168,64;241,9
01/11/2024;78,88;174,33;98,05;54,536;16,252;155,88;25,44;168,72;243,28
31/10/2024;78,02;171,82;97,51;53,958;16,1;155,83;25,46;168,55;243,01
30/10/2024;78,87;173,92;99,3;54,42;16,35;156,27;25,49;168,64;246,76
29/10/2024;79,88;175,69;99,63;55,308;16,356;156,41;25,55;168,93;246,62
28/10/2024;80,37;176,81;99,41;55,31;16,202;156,82;25,635;169,02;243,94
25/10/2024;80,03;176,67;99,62;55,262;16,102;156,65;25,61;168,96;243,75
24/10/2024;80,04;176,28;99,22;55,104;16,04;156,74;25,695;169,1;243,39
23/10/2024;80,03;176,28;99,39;55,486;15,97;156,44;25,565;169,04;242,09
22/10/2024;80,29;177,28;99,64;55,56;16,232;156,36;25,535;168,86;243,9
21/10/2024;80,48;177,11;99,37;55,49;16,438;156,47;25,605;168,83;241,91
18/10/2024;80,97;179,38;99,65;56,062;16,66;157,11;25,795;169,05;240,77
17/10/2024;80,8;178,8;99,77;55,582;16,712;156,85;25,74;168,95;239,1
16/10/2024;80,08;178,43;98,9;55,62;16,636;156,84;25,76;168,82;236,68
15/10/2024;80,27;177,51;98,92;55,12;16,63;156,44;25,67;168,75;234,95
14/10/2024;80,96;178,97;98,89;56,018;16,832;155,91;25,555;168,58;233,05
11/10/2024;80,53;178,76;97,97;56,024;16,774;155,84;25,535;168,48;233,61
10/10/2024;80,1;176,96;97,68;55,752;16,732;155,81;25,58;168,56;230,87
09/10/2024;80,24;177;97,37;55,586;16,736;155,85;25,545;168,5;229,51
08/10/2024;79,72;176,2;96,59;55,734;16,808;155,63;25,555;168,61;228,99
07/10/2024;80,14;179,67;96,48;56,92;16,76;156,13;25,555;168,51;231,93
04/10/2024;80,05;179,41;96,17;56,41;16,86;156,29;25,62;168,63;233,42
03/10/2024;79,67;179,04;95,53;55,836;16,606;156,6;25,725;168,97;231,66
02/10/2024;80,41;180,68;95,58;56,036;16,66;156,59;25,785;168,99;230,7
01/10/2024;80,33;178,43;95,17;55,06;16,714;156,8;25,885;169,04;231,75
30/09/2024;80,62;177,96;94,9;54,826;16,594;156,17;25,715;168,87;227,26
27/09/2024;81,38;177,89;95,13;55,47;16,638;156,59;25,705;168,83;228,71
26/09/2024;81,01;176,01;94,78;55,288;16,81;155,97;25,655;168,78;229,94
25/09/2024;80,01;173,71;94,8;53,908;16,458;155,84;25,605;168,66;229,21
24/09/2024;80,07;174,47;94,73;53,946;16,514;156,42;25,7;168,77;228,26
23/09/2024;79,5;173,28;94,8;52,686;16,64;155,77;25,615;168,58;227,43
20/09/2024;79,15;171,51;94,2;52,052;16,492;155,75;25,555;168,31;225,67
19/09/2024;80,33;173;94,68;52,11;16,474;155,82;25,6;168,39;223,2
18/09/2024;79,2;169,43;93,41;51,322;16,092;155,3;25,6;168,22;222,63
17/09/2024;79,63;170;93,85;51,53;16,242;155,64;25,69;168,32;222,2
16/09/2024;79,36;168,99;93,19;51,272;16,308;156,07;25,735;168,46;223,3
13/09/2024;79,49;168,82;93,56;51,414;16,342;155,74;25,67;168,34;223,72
12/09/2024;78,91;168,41;92,91;51,09;16,308;155,45;25,645;168,25;222,68
11/09/2024;78,29;165,43;91,15;50,47;16,068;155,28;25,735;168,43;219,61
10/09/2024;78,19;165,68;91,79;50,506;16,112;155,26;25,635;168,24;219,37
09/09/2024;78,69;166,04;91,14;50,658;16,272;155,44;25,605;168,21;217,57
06/09/2024;78,01;163,87;90,13;50,234;15,85;155,46;25,605;168,15;217,99
05/09/2024;78,78;165,37;91,45;50,96;16,384;154,96;25,545;167,97;217,66
04/09/2024;79,28;165,23;92,13;51,146;16,394;154,62;25,53;167,87;216,77
03/09/2024;80,07;166,22;93,18;51,444;16,702;154,52;25,41;167,65;216,42
02/09/2024;80,87;168,68;94,23;51,93;16,722;154,57;25,31;167,59;217,55
30/08/2024;80,87;167,07;93,48;52,008;16,794;154,25;25,365;167,61;217,94
29/08/2024;80,9;167,75;93,86;52,164;16,768;154,3;25,385;167,68;218,93
28/08/2024;80,25;166,07;92,8;51,734;16,654;154,3;25,415;167,63;216,95
27/08/2024;79,92;165,55;92,96;51,752;16,582;154,3;25,37;167,55;216,96
26/08/2024;79,84;166,01;92,88;51,75;16,464;154,65;25,45;167,62;216,55
23/08/2024;79,82;165,6;92,82;52,124;16,548;154,83;25,495;167,61;216,44
22/08/2024;79,46;163,56;93,04;51,774;16,46;154,48;25,46;167,55;214,61
21/08/2024;79,11;163,69;92,94;52,106;16,426;154,78;25,515;167,53;216,69
20/08/2024;78,86;163,15;92,72;52,038;16,308;154,73;25,48;167,39;217,54
19/08/2024;79,25;164,6;93;52,542;16,398;154,35;25,405;167,31;217,94
16/08/2024;78,76;162,45;92,91;52,262;16,284;154,27;25,39;167,32;217,75
14/08/2024;77,56;159,75;91,16;51,206;15,826;154,49;25,51;167,51;213,89
13/08/2024;77,18;160,32;90,94;51,438;15,924;154,22;25,505;167,51;217
12/08/2024;76,76;158,99;89,97;51,31;15,534;153,85;25,415;167,33;216,28
09/08/2024;76,79;158,95;89,91;50,964;15,35;154,2;25,39;167,3;214,05
08/08/2024;76,36;158,73;89,44;50,784;15,51;154,01;25,32;167,25;213,11
07/08/2024;76,24;157,42;89,52;50,394;15,448;153,97;25,33;167,17;211,16
06/08/2024;75,09;154,67;88,34;49,134;14,868;153,85;25,45;167,28;210,18
05/08/2024;74,91;152,99;87,48;48,836;14,878;153,56;25,405;167,33;211,13
02/08/2024;76,51;157,07;89,45;50,408;15,19;154,62;25,435;167,27;213,85
01/08/2024;78,43;162,58;93,5;52,288;16,286;154,4;25,35;167,04;218,43
31/07/2024;79,59;164,79;94,15;52,762;16,908;153,93;25,31;166,87;215,34
30/07/2024;78,91;163;92,78;51,674;16,44;153,83;25,21;166,77;212,65
29/07/2024;78,62;161,77;92,81;51,71;16,38;153,61;25,175;166,65;211,28
26/07/2024;78,81;161,95;92,51;51,71;16,302;153,83;25,1;166,56;211,52
25/07/2024;78,2;161,3;92,49;51,456;16,184;153,15;25,09;166,5;209,67
24/07/2024;78,75;162,96;92,81;51,854;16,532;153,16;25,035;166,37;215,3
23/07/2024;79,29;164,25;94,73;52,37;16,708;153,19;25,065;166,22;213,41
22/07/2024;79,14;163,89;93,68;52,316;16,644;152,51;25,03;166,04;211,12
19/07/2024;78,41;163,97;93,28;52,122;16,634;153,1;25,035;166,18;212,68
18/07/2024;78,93;165,34;93,86;52,574;16,758;153,14;25,13;166,28;217,64
17/07/2024;79,15;166,25;94,4;52,946;16,902;153,2;25,115;166,11;217,09
16/07/2024;79,57;166,46;95,61;53,744;16,986;152,93;25,08;166,16;217,62
15/07/2024;79,8;167,38;95,39;53,704;16,902;152,42;25,03;166,09;214,97
12/07/2024;80,63;168,55;95,15;54,122;16,932;152,63;24,975;165,99;212,83
11/07/2024;79,89;166,45;94,73;53,994;16,948;152,82;25,01;166,03;214,4
10/07/2024;79,47;165,2;94,97;53,768;16,986;152,19;24,905;165,69;211,65
09/07/2024;78,75;162,97;94,89;53,56;16,708;152,14;24,78;165,5;209,62
08/07/2024;79,47;162,85;94,6;53,448;16,662;152,25;24,885;165,63;210,6
05/07/2024;79,54;163,59;94,28;53,222;16,676;151,69;24,835;165,56;212,05
04/07/2024;79,65;164,73;94,18;53,33;16,73;151,66;24,735;165,35;210,13
03/07/2024;79,22;164,37;94,06;53,19;16,584;151,87;24,76;165,41;210,65
02/07/2024;78,64;162,14;93,91;52,622;16,54;151,44;24,645;165,32;208,75
01/07/2024;78,99;162,4;93,7;52,724;16,338;151,34;24,63;165,29;208,95
28/06/2024;78,71;163,47;94,39;52,784;16,512;151,74;24,735;165,35;209,25
27/06/2024;78,91;163,11;94,06;52,538;16,322;151,9;24,785;165,44;209,4
26/06/2024;79,24;162,66;93,96;52,566;16,284;151,38;24,82;165,41;207,44
25/06/2024;79,68;163,51;93,78;52,534;16,28;151,96;24,89;165,46;208,76
24/06/2024;79,83;164,13;93,94;52,908;16,076;151,5;24,87;165,41;209,22
21/06/2024;79,31;163,36;93,92;52,918;15,948;151,95;24,86;165,45;209,7
20/06/2024;79,9;164,07;94,19;52,994;16,024;151,57;24,865;165,34;211,33
19/06/2024;79,13;163,94;93,95;53,232;15,966;151,34;24,88;165,28;208,56
18/06/2024;79,24;163,41;93,69;52,868;15,988;151,72;24,915;165,34;208,53
17/06/2024;78,73;161,67;93,19;52,336;15,958;151,18;24,865;165,3;208,31
14/06/2024;78,64;161,85;93,11;52,256;16,192;151,46;24,915;165,39;209,65
13/06/2024;79,43;162,18;92,56;51,916;16,092;151,17;24,795;165,17;206,64
12/06/2024;80,37;163,09;92,36;51,82;16,378;151,17;24,775;165,09;206,83
11/06/2024;79,59;161,6;91,98;51,5;16,366;150,63;24,615;164,81;207,57
10/06/2024;80,32;163,14;91,91;51,802;16,548;150,37;24,58;164,68;206,58
07/06/2024;80,54;162,76;91,33;51,418;16,334;150,93;24,74;164,76;205,72
06/06/2024;80,69;163,29;90,76;51,338;16,278;151,3;24,86;164,97;210,11
05/06/2024;80,18;162,42;90,44;51,108;16,27;151,45;24,93;165,12;208,72
04/06/2024;79,42;160,74;89,26;50,09;16,32;151,29;24,86;164,99;205,88
03/06/2024;79,76;161,71;89,34;50,924;16,346;150,62;24,81;164,91;207,21
31/05/2024;79,52;160,31;88,81;50,216;16,194;150,6;24,685;164,73;206,99
30/05/2024;79,19;161,05;89,5;51,112;16,094;150,42;24,665;164,67;208,46
29/05/2024;78,72;160,31;90,08;51,308;15,984;150,17;24,61;164,59;208,39
28/05/2024;79,53;162,01;90,19;51,952;16,224;150,6;24,77;164,65;208,9
27/05/2024;80,05;163,57;90,43;52,298;16,268;151,1;24,835;164,76;208,96
24/05/2024;79,75;162,13;90,4;52,028;16,148;150,59;24,77;164,62;207,18
23/05/2024;79,87;162,78;90,78;52,252;16,11;150,61;24,745;164,58;208,32
22/05/2024;79,78;163,72;90,74;52,416;16,094;151,03;24,835;164,78;212,31
21/05/2024;80,06;165,14;90,57;52,41;16,23;151,18;24,88;164,87;215,54
20/05/2024;80,26;166,02;90,68;52,768;16,352;151,04;24,845;164,81;215,18
17/05/2024;79,93;165,86;90,16;52,868;16,196;150,9;24,87;164,82;213,23
16/05/2024;80,02;165,59;90,54;52,638;16,188;151,46;24,95;164,98;210,9
15/05/2024;80,25;163,92;90,03;52,466;16,22;151,61;25;165,04;211,15
14/05/2024;79,76;162,79;89,43;52,12;16,072;150,58;24,79;164,71;209,29
13/05/2024;79,64;163,15;89,5;52,036;16,054;151,02;24,835;164,81;208,34
10/05/2024;79,66;162,81;89,62;51,766;16,166;150,78;24,83;164,68;211,45
09/05/2024;79,06;161,77;89,43;51,51;16,18;151,01;24,86;164,76;208,81
08/05/2024;78,71;161,7;89,19;51,514;16,19;151,2;24,93;164,76;207,73
07/05/2024;78,43;162,78;89,18;51,544;16,388;151,47;24,99;164,88;206,67
06/05/2024;77,57;161,62;88,51;51,668;16,524;151,17;24,9;164,82;207,66
03/05/2024;77,06;160,09;87,76;51,568;16,41;150,88;24,845;164,79;204,96
02/05/2024;76,65;158,26;87,04;51,278;16,316;150,58;24,795;164,57;207,49
30/04/2024;76,94;156,96;87,95;50,604;16,222;150,14;24,735;164,41;207,2
29/04/2024;77,34;158,03;88,15;50,792;16,144;150,58;24,82;164,58;210,14
26/04/2024;77,33;156,6;88,23;50,472;16,06;150,28;24,705;164,45;210,49
25/04/2024;76,42;155,49;86,4;49,654;15,854;149,84;24,61;164,35;209,66
24/04/2024;76,89;155,84;87,56;49,832;16,16;150,03;24,66;164,41;210,14
23/04/2024;77,18;155,99;87,49;49,55;16,1;150,8;24,815;164,58;209,15
22/04/2024;76,32;154,49;86,33;49,218;16,086;150,53;24,835;164,57;211,24
19/04/2024;75,71;153,02;86,47;48,912;16,03;150,23;24,775;164,41;216,17
18/04/2024;75,82;153,75;87,38;49,31;16,158;150,49;24,795;164,48;215,42
17/04/2024;75,59;152,99;87,46;48,984;16,122;150,44;24,815;164,52;215,94
16/04/2024;75,64;152,44;87,96;49,152;16,362;150,23;24,785;164,54;215,73
15/04/2024;76,72;156,49;89,27;50,07;16,708;150,69;24,865;164,66;212,88
12/04/2024;76,63;157,39;89,45;50,176;16,7;151,27;25,02;164,75;216,85
11/04/2024;76,43;157,51;88,92;50,606;16,624;150,71;24,815;164,4;210,41
10/04/2024;76,73;157,79;88,85;50,282;16,548;151,09;24,915;164,5;209,61
09/04/2024;76,58;158,53;88,27;50,414;16,58;151,58;25,005;164,69;208,26
08/04/2024;77,02;158,14;88,79;50,304;16,634;151,22;24,875;164,56;206,87
05/04/2024;76,65;157,69;88,64;49,928;16,53;151,33;24,91;164,65;206,77
04/04/2024;77,31;158,75;89,24;50,384;16,648;151,74;24,99;164,71;203,39
03/04/2024;77,23;157,78;89,23;50,056;16,658;151,38;24,875;164,61;203,45
02/04/2024;76,99;158,61;89,19;50,362;16,582;151,09;24,88;164,66;201,85
28/03/2024;77,62;158,45;89,88;49,93;16,924;151,43;25,07;164,71;197,94
27/03/2024;77,4;157,84;89,15;49,486;16,914;151,39;25,095;164,77;195,15
26/03/2024;77,27;157,4;89,31;49,574;16,92;151,05;25,015;164,6;193,74
25/03/2024;77,17;157,29;89,12;49,46;16,814;150,78;24,97;164,52;193,6
22/03/2024;77,11;157,25;89,45;49,58;17,03;151,2;25,06;164,66;193,06
21/03/2024;77,06;157,67;89,46;49,776;16,948;150,74;24,96;164,52;193,22
20/03/2024;76,34;155,38;88,07;49,16;16,762;150,28;24,9;164,36;191,46
19/03/2024;76,35;155,71;87,79;48,998;16,748;150,27;24,9;164,39;191,25
18/03/2024;76,15;155,82;87,73;49,218;16,632;150,28;24,89;164,3;191,29
15/03/2024;76,27;155,93;86,8;49,018;16,338;150,15;24,89;164,26;191,43
14/03/2024;76,58;156,69;87,45;49,41;16,266;150,5;24,93;164,38;191,08
13/03/2024;76,65;158,63;87,49;49,322;16,232;150,91;25,035;164,45;191,39
12/03/2024;76,49;157,43;87,43;49,588;16,386;150,84;25,06;164,5;190,91
11/03/2024;75,74;157,03;86,72;49,146;16,34;150,84;25,075;164,56;192,38
08/03/2024;75,97;158,28;87,29;48,926;16,712;151,07;25,135;164,68;191,49
07/03/2024;76,05;157,81;87,19;48,894;16,72;150,62;25,09;164,48;190,14
06/03/2024;75,14;156,71;86,96;48,89;16,772;150,03;25,01;164,31;189,69
05/03/2024;74,86;154,9;86,72;48,33;16,6;150,16;24,995;164,3;188,58
04/03/2024;75,03;155,61;87,54;48,724;16,5;149,82;24,845;164,12;187,56
01/03/2024;75,02;156,38;87,5;48,878;16,616;149,77;24,795;164,12;184,67
29/02/2024;74,55;155,32;87,01;48,35;16,356;149,68;24,83;164,12;182,32
28/02/2024;74,57;154,12;86,72;48,174;16,266;149,31;24,725;164,02;180,92
27/02/2024;74,83;156,06;86,47;48,802;16,332;149,43;24,73;164,01;180,6
26/02/2024;74,71;155,16;86,71;48,598;16,326;149,6;24,75;164;180,11
23/02/2024;74,98;156,31;87,05;48,926;16,348;149,99;24,885;164,18;181,1
22/02/2024;74,69;155,86;86,72;48,884;16,272;149,64;24,755;164,03;180,22
21/02/2024;74,03;155,34;85,06;48,536;16,066;149,42;24,73;164,08;180,42
20/02/2024;74,09;155,57;85,22;48,392;16,046;149,91;24,85;164,27;180,67
19/02/2024;74,13;156,2;86,21;48,584;16,23;149,63;24,775;164,15;180,42
16/02/2024;74,03;156,46;86,52;48,668;16,1;149,56;24,79;164,14;179,67
15/02/2024;73,54;155,19;86,23;48,266;16,036;149,71;24,855;164,26;179,12
14/02/2024;73,08;153,48;85,77;48,23;15,95;149,75;24,84;164,22;178,89
13/02/2024;72,69;152,44;85,76;47,772;16,022;149,41;24,745;164,11;179,3
12/02/2024;73,38;155,38;86,7;48,52;15,93;149,57;24,77;164,27;180,2
09/02/2024;73,01;153,58;86,01;47,706;15,752;149,44;24,73;164,18;180,71
08/02/2024;73;153,55;85,74;47,79;15,7;149,53;24,765;164,33;181,75
07/02/2024;73,06;154,22;85,68;47,984;15,8;149,85;24,85;164,43;182,63
06/02/2024;73,31;154,47;85,17;48,034;15,718;150;24,87;164,48;182,6
05/02/2024;72,88;152,69;85,02;46,92;15,776;149,89;24,845;164,45;181,55
02/02/2024;72,86;153,19;84,79;46,582;15,714;150,2;24,98;164,6;181,7
01/02/2024;72,89;152,81;83,08;46,406;15,698;150,98;25,14;164,93;182,98
31/01/2024;73,13;154,18;83,39;46,394;15,722;150,87;25,1;164,95;182,24
30/01/2024;73,12;153,42;84,12;46,314;15,556;150,27;24,925;164,65;180,79
29/01/2024;72,98;154,44;83,81;46,75;15,594;150,56;25;164,8;180,72
26/01/2024;72,83;154,26;83,5;46,698;15,438;150,15;24,895;164,62;178,93
25/01/2024;71,96;153,7;83,59;46,706;15,532;150,13;24,91;164,62;179,35
24/01/2024;71,8;153,42;83,13;46,556;15,568;149,63;24,81;164,31;178,05
23/01/2024;70,95;151,58;82,79;45,924;15,542;149,44;24,79;164,28;179,96
22/01/2024;71,17;149,98;82,58;45,46;15,696;149,58;24,9;164,35;179,07
19/01/2024;70,59;149,53;81,68;45,544;15,394;149,29;24,83;164,24;179,33
18/01/2024;70,84;149,32;81,14;45,476;15,444;149,25;24,805;164,32;178,9
17/01/2024;70,45;148,17;80,86;44,988;15,312;149,05;24,825;164,22;178,46
16/01/2024;71,26;151,07;81,24;45,93;15,596;149,84;24,955;164,55;180,36
15/01/2024;71,39;152,64;80,88;46,354;15,724;149,81;24,97;164,54;180,84
12/01/2024;71,77;153,61;80,79;46,708;15,54;150,25;25,06;164,71;180,56
11/01/2024;71,15;151,64;80,32;46,214;15,29;149,6;24,935;164,38;177,75
10/01/2024;71,71;152,68;80,57;46,214;15,224;149,51;24,915;164,26;178,21
09/01/2024;71,8;153,56;80,57;46,536;14,99;149,5;24,94;164,39;179,03
08/01/2024;71,97;153,87;79,74;46,87;14,948;149,84;25,04;164,55;178,7
05/01/2024;71,79;154,44;79,62;47,076;14,92;149,52;25,01;164,46;180,28
04/01/2024;71,94;154,33;79,85;47,072;14,776;149,81;25,07;164,58;179,93
03/01/2024;71,44;155,07;80,05;47,176;14,818;150,37;25,225;164,88;179,69
02/01/2024;72,04;156,64;80,3;47,368;14,904;150,45;25,17;164,71;181,71
29/12/2023;71,93;156,58;79,87;47,402;14,824;150,92;25,23;164,94;180,03
28/12/2023;71,86;157,43;80,18;47,476;14,79;151,47;25,385;164,96;180,69
27/12/2023;71,99;155,49;79,67;46,762;14,664;151,41;25,48;164,92;180,41
22/12/2023;71,87;155,59;80,23;46,616;14,742;151,25;25,385;164,96;180,21
21/12/2023;71,73;155,11;79,87;46,802;14,662;151,09;25,38;164,66;179,33
20/12/2023;71,88;155;80,67;46,648;14,636;150,83;25,33;164,6;178,83
19/12/2023;71,79;154,95;80,44;46,958;14,542;150,62;25,245;164,46;179,64
18/12/2023;71,51;152,82;80,44;46,61;14,572;150,1;25,11;164,29;178,66
15/12/2023;71,73;153,58;80,26;47,096;14,692;150,53;25,2;164,37;179,88
14/12/2023;71,7;152,08;79,55;46,666;14,624;149,85;25,02;164,27;178,79
13/12/2023;71,15;149,06;79,98;46,098;14,702;148,91;24,895;163,85;177,15
12/12/2023;71,15;148,16;79,57;46,36;14,706;148,55;24,78;163,65;177,12
11/12/2023;71,26;148,43;79,5;46,556;14,802;148,31;24,71;163,7;178,22
08/12/2023;71,12;148,51;79,16;46,282;14,712;148,35;24,72;163,7;179,74
07/12/2023;70,52;147,57;78,63;46,284;14,718;148,7;24,85;164,02;181,28
06/12/2023;70,73;147,56;78,71;46,338;14,728;148,75;24,83;163,93;181,09
05/12/2023;70,38;145,82;78,56;46,056;14,51;148,52;24,76;163,91;180,08
04/12/2023;70,13;146,96;78,13;46,31;14,506;148;24,55;163,7;180,37
01/12/2023;70,2;147,68;78,19;46,422;14,604;147,93;24,53;163,7;182,52
30/11/2023;69,47;145,58;77,32;46,228;14,49;147,06;24,36;163,2;180,24
29/11/2023;69,05;144,8;77,02;45,926;14,374;147,1;24,395;163,21;179,47
28/11/2023;68,78;145,86;76,82;46,078;14,376;146,32;24,295;162,96;178,72
27/11/2023;68,99;145,14;77,11;45,852;14,41;145,89;24,22;162,77;177,23
24/11/2023;69,24;146,45;77,14;46,064;14,438;145,26;24,07;162,46;176,4
23/11/2023;69,05;146,68;77,37;46,42;14,444;145,39;24,09;162,5;176,1
22/11/2023;68,83;146,77;77,54;46,344;14,464;145,55;24,18;162,6;176,8
21/11/2023;68,62;146,36;76,73;46,24;14,37;145,62;24,19;162,66;176,43
20/11/2023;68,63;146,53;76,7;46,408;14,336;145,34;24,1;162,59;173,95
17/11/2023;68,55;146,04;76,61;46,134;14,43;145,5;24,12;162,64;175,61
16/11/2023;67,92;145,23;76,52;46,08;14,246;145,48;24,125;162,67;176,25
15/11/2023;68,31;147,58;76,97;46,876;14,264;145,37;24,02;162,41;174,22
14/11/2023;68;146,25;76,75;46,192;14,278;145,53;24,065;162,44;174,52
13/11/2023;67,23;145,09;76,25;45,858;14,256;144,45;23,855;162,12;175,19
10/11/2023;66,67;143,59;75,76;45,674;14,218;144,36;23,86;162,14;175,22
09/11/2023;67,37;145,92;75,71;45,884;14,26;144,9;23,95;162,27;176,67
08/11/2023;66,77;145,07;75,52;45,9;14,046;144,78;24,005;162,26;176,2
07/11/2023;66,61;145,57;75,78;46,226;14,306;144,48;23,905;162,22;177,28
06/11/2023;66,72;146,63;75,15;46,26;14,4;144,3;23,78;162,11;177,94
03/11/2023;66,8;146,83;75,2;45,816;14,59;144,76;23,945;162,3;178,84
02/11/2023;66,75;144,97;74,82;45,242;14,4;144,37;23,805;162,18;179,99
01/11/2023;65,74;143,26;73,78;44,616;14,258;143,95;23,715;162,12;180,99
31/10/2023;65,26;141,36;72,9;44,01;14,07;143,55;23,64;161,97;181,79
30/10/2023;64,91;141,64;72,17;44,384;13,77;143,19;23,605;161,94;181,83
27/10/2023;64,66;140,97;72,38;44,288;13,804;142,96;23,565;161,79;180,25
26/10/2023;65,25;141,81;72,93;44,352;13,764;142,76;23,52;161,68;181,14
25/10/2023;65,59;142,31;73,62;44,56;13,928;142,62;23,455;161,45;179,9
24/10/2023;65,52;143,06;74,05;44,934;13,868;142,79;23,55;161,56;179,02
23/10/2023;65,23;141,2;73,61;44,208;13,78;142,4;23,515;161,49;179,31
20/10/2023;65,28;141,33;73,92;44,458;13,862;142,18;23,465;161,43;181,78
19/10/2023;66,24;143,73;75,31;45,19;14,044;141,96;23,405;161,17;178,43
18/10/2023;67,01;146,02;76,25;45,554;14,172;142,09;23,385;161,11;177,94
17/10/2023;67,67;147,28;76,49;46,05;14,282;142,36;23,46;161,18;175,35
16/10/2023;67,78;147,28;76,77;46,27;14,286;142,93;23,615;161,47;175,72
13/10/2023;67,63;146,22;76,28;46,108;14,318;143,02;23,665;161,42;176,55
12/10/2023;68,26;147,41;76,69;46,236;14,472;143,03;23,625;161,37;171,14
11/10/2023;68,2;147,87;75,88;46,238;14,302;143,4;23,73;161,55;170,1
10/10/2023;68,07;148,15;76,41;46,032;14,358;143,2;23,61;161,53;169,06
09/10/2023;66,76;146,18;75,42;45,332;14,164;142,93;23,58;161,54;169,43
06/10/2023;66,93;146,01;74,61;45,506;14,098;142,45;23,42;161,28;167,07
05/10/2023;66,43;144,44;74,34;44,988;14,13;142,4;23,435;161,3;166,41
04/10/2023;66,2;143,71;74,48;45,172;13,898;141,95;23,38;161,14;167,4
03/10/2023;66,28;144,1;74,74;45,54;14,12;142,21;23,35;161,04;168,3
02/10/2023;67,05;145,85;75,63;45,95;14,38;142,45;23,45;161,06;168,3
29/09/2023;67,63;147,31;75,56;45,978;14,41;142,93;23,535;161,1;169,15
28/09/2023;67,41;146,97;75,2;45,736;14,592;141,8;23,33;160,83;169,89
27/09/2023;67,13;146,21;75,14;45,988;14,666;142,46;23,53;160,97;172,45
26/09/2023;67,2;145,81;74,85;45,748;14,57;142,8;23,58;161,03;173,63
25/09/2023;67,64;146,83;75,64;46,248;14,684;143,08;23,62;161,04;174,77
22/09/2023;68,03;146,85;75,54;46,292;14,694;143,21;23,7;161,03;174,5
21/09/2023;68,25;145,39;75,53;45,706;14,628;143,35;23,72;161;173,6
20/09/2023;69,16;149,17;76,84;46,572;14,866;143,55;23,78;161,06;175,07
19/09/2023;68,47;148,63;76,59;46,478;14,97;143,31;23,72;160,92;174,64
18/09/2023;68,54;148,71;77,18;46,728;14,86;143,35;23,735;160,94;174,07
15/09/2023;69,29;149,89;77,43;46,984;14,934;143,68;23,815;161,05;174,2
14/09/2023;69,08;150;77,97;47,258;14,988;143,92;23,965;161,24;172,65
13/09/2023;68,06;147,49;77,24;46,666;14,646;143,48;23,85;161,06;171,79
12/09/2023;68,29;147,56;77,21;46,63;14,648;143,66;23,88;161,23;171,95
11/09/2023;68,54;147,25;77,21;46,572;14,622;143,79;23,895;161,28;172,71
08/09/2023;68,18;146,59;77,27;46,306;14,548;143,81;23,96;161,37;173,01
07/09/2023;68,11;146,99;76,93;46,274;14,672;143,43;23,94;161,32;173
06/09/2023;68,1;147,87;77,15;46,78;14,658;143,17;23,86;161,16;172,59
05/09/2023;68,49;149,19;77,99;47,058;14,638;143,55;23,94;161,37;173,59
04/09/2023;68,65;149,45;77,46;47,138;14,574;143,79;23,995;161,39;173,42
01/09/2023;68,69;149,08;77,52;46,914;14,472;143,97;24,055;161,52;173,2
31/08/2023;68,67;148,12;77,24;46,262;14,314;144,27;24,185;161,56;172,79
30/08/2023;68,79;147,46;76,34;46,376;14,064;143,82;24,08;161,3;171,69
29/08/2023;68,96;147,27;76,3;46,862;14,15;144,05;24,11;161,35;172,25
28/08/2023;68,42;145,56;75,68;46,504;14,142;143,73;24,015;161,23;171,55
25/08/2023;67,69;143,87;75,15;46,002;14;143,47;24,035;161,31;170,64
24/08/2023;67,69;143,59;75,26;45,952;13,952;144;24,085;161,44;171,16
23/08/2023;67,99;144,52;75,43;45,956;14,07;143,84;24,085;161,46;170,4
22/08/2023;67,71;142,6;74,97;45,332;13,9;142,98;23,875;161,07;168,72
21/08/2023;67,28;141,84;74,16;45,002;13,704;142,77;23,77;161,01;167,45
18/08/2023;67,19;143,17;74,14;45,166;13,762;143,23;23,895;161,14;167,94
17/08/2023;67,54;144,13;74,81;45,562;13,768;142,77;23,785;160,94;168,03
16/08/2023;68,12;144,88;75,28;45,432;13,84;143,09;23,865;160,99;168,42
14/08/2023;68,81;147,52;75,87;45,988;14,038;143,39;23,905;161,04;168,82
11/08/2023;68,65;147,95;75,24;46,06;14,132;143,33;23,93;161,09;168,74
10/08/2023;69,43;149,9;75,52;46,862;14,176;143,99;24,075;161,25;167,86
09/08/2023;68,77;148,79;75,34;46,492;14,052;144,15;24,12;161,28;168,52
08/08/2023;68,55;148,47;75,52;46,44;14,188;144,25;24,16;161,32;169,77
07/08/2023;68,63;149,81;75,64;46,872;14,27;143,94;23,965;161,11;169,63
04/08/2023;68,58;150,53;75,91;47,212;14,194;143,97;24;161,07;169,67
03/08/2023;68,35;150,85;76,15;47,402;14,074;143,77;23,97;161,06;170,78
02/08/2023;68,84;150,54;76,54;47,194;14,182;143,95;24,02;161,05;170,61
01/08/2023;69,66;153,77;77,28;48,188;14,402;143,74;24,01;160,91;171,08
31/07/2023;70,36;155,71;77,07;48,51;14,53;144,17;24,11;160,96;172,43
28/07/2023;70,29;154,77;76,97;48,498;14,624;144,16;24,115;160,92;171,72
27/07/2023;70,44;155,8;77,27;47,934;14,54;144,14;24,135;160,86;170,76
26/07/2023;69,49;153,84;76,2;47,558;14,276;143,65;24,1;160,67;171,99
25/07/2023;69,92;153,29;76,46;47,546;14,274;144,07;24,18;160,82;171,54
24/07/2023;69,55;151,92;76,17;47,082;14,224;144,17;24,215;160,88;170,84
21/07/2023;69,51;151,36;75,76;46,314;14,164;143,76;24,155;160,73;170,15
20/07/2023;69,33;151,31;75,63;46,154;14,144;143,62;24,1;160,65;170,61
19/07/2023;68,93;150,43;75,64;46,43;14,258;143,85;24,18;160,76;170,32
18/07/2023;68,83;150,68;74,83;46,312;14,206;144,16;24,26;160,81;170,38
17/07/2023;68,43;150,35;74,46;46,398;13,988;143,28;24,06;160,48;167,73
14/07/2023;68,84;151,29;74,4;46,618;14,034;143,36;24,04;160,46;168,28
13/07/2023;68,91;151,71;74,36;46,83;14,216;143,56;24,07;160,54;169,13
12/07/2023;68,45;149,26;74,51;46,548;14,184;142,81;23,91;160,28;169,62
11/07/2023;67,44;147,23;74,38;45,974;14,134;142,02;23,755;160,02;169,64
10/07/2023;66,98;146,09;74,07;45,656;14,11;141,94;23,795;160,01;169,03
07/07/2023;66,88;147,16;74,5;45,832;14,188;141,94;23,81;160,13;170,14
06/07/2023;66,83;146,93;74,54;45,6;14,034;141,59;23,805;159,94;169,67
05/07/2023;68,47;151,55;75,65;46,63;14,276;142,71;24,045;160,21;170,77
04/07/2023;68,97;152,55;75,57;47,066;14,254;142,77;24,055;160,14;170,72
03/07/2023;68,9;151,69;75,4;46,744;14,358;142,66;24,11;160,07;170,47
30/06/2023;69,04;150,71;75,24;46,218;14,298;142,88;24,17;160,19;169,6
29/06/2023;68,22;150,06;74,57;45,978;14,248;142,62;24,14;160,26;169,51
28/06/2023;68,24;149,8;74,1;46,032;14,28;142,97;24,285;160,43;169,16
27/06/2023;67,78;149,19;73,45;46,128;14,038;142,68;24,22;160,37;168,78
26/06/2023;67,65;148,52;73,52;45,95;14,066;143,11;24,31;160,54;170,5
23/06/2023;67,75;149,19;73,77;45,848;14,096;142,76;24,235;160,43;170,51
22/06/2023;67,96;151,34;73,61;46,222;14,376;142,17;24,04;160,17;168,72
21/06/2023;68,31;153,58;73,7;46,352;14,464;142,43;24,135;160,34;170,2
20/06/2023;68,63;154,66;74,12;46,79;14,38;142,88;24,165;160,47;171,25
19/06/2023;68,99;155,86;74,45;47,41;14,438;142,32;24;160,32;172,53
16/06/2023;69,62;156,01;74,79;47,652;14,624;142,56;24,1;160,43;173,12
15/06/2023;69,31;154,6;74,56;47,604;14,63;142,29;23,995;160,35;172,77
14/06/2023;69,4;154,96;74,98;47,614;14,87;142,75;24,065;160,67;174,23
13/06/2023;69,2;154,51;75;47,638;14,882;142,93;24,105;160,74;173,98
12/06/2023;68,8;153,2;74,24;47,324;14,64;143,19;24,16;160,89;175,73
09/06/2023;68,69;152,97;74,1;47,272;14,584;143,15;24,13;160,86;176,24
08/06/2023;68,82;152,36;73,66;46,856;14,316;142,9;24,045;160,76;176,21
07/06/2023;68,8;152,34;74,11;47,134;14,428;142,63;24;160,69;176,26
06/06/2023;68,92;152,91;74,14;47,016;14,718;142,99;24,115;160,87;177,02
05/06/2023;68,7;152,19;74,2;46,53;14,452;142,84;24,12;160,82;176,47
02/06/2023;69,01;152,44;73,9;46,68;14,438;143,29;24,22;161,08;176,71
01/06/2023;67,99;149,28;72,52;45,532;14,114;143,77;24,27;161,28;177,94
31/05/2023;67,46;147,03;72,37;45,02;13,856;143,29;24,235;161,16;178,74
30/05/2023;68,22;149,18;72,61;45,584;13,95;142,8;24,115;160,89;176,58
29/05/2023;68,85;150,65;72,9;45,95;14;142,45;23,955;160,61;175,49
26/05/2023;68,92;150,73;72,48;46,168;14,064;142,03;23,78;160,44;175,19
25/05/2023;68,16;148,58;71,46;45,42;13,976;141,77;23,85;160,49;175,2
24/05/2023;68,27;150,02;70,9;45,392;13,906;142,02;23,895;160,64;176,74
23/05/2023;69,58;153,03;71,98;45,92;14,052;141,96;23,89;160,68;176,21
22/05/2023;70;153,63;72,03;46,188;14,172;142,16;23,905;160,69;176,24
19/05/2023;70;153,07;71,75;45,77;14,048;142,46;23,96;160,86;176,37
18/05/2023;69,56;152,38;71,85;45,84;14,112;141,96;23,89;160,75;175,2
17/05/2023;69,14;151,92;70,58;45,754;14,022;142,43;24,07;160,91;176,71
16/05/2023;69,23;152,6;70,37;45,66;13,92;142,55;24,055;161,03;177,87
15/05/2023;69,53;154,32;70,41;45,692;13,904;142,85;24,12;161,09;179,07
12/05/2023;69,34;152,58;70,25;45,048;13,856;143,31;24,19;161,17;178,8
11/05/2023;69,03;152,67;69,98;45,096;13,696;143,62;24,27;161,34;178,52
10/05/2023;68,88;153,34;69,77;45,178;13,604;143,1;24,13;161,14;178,07
09/05/2023;69,24;153,44;69,75;45,218;13,69;142,99;24,055;161,05;178,51
08/05/2023;69,48;154;69,51;45,338;13,486;143,1;24,1;161,03;177,72
05/05/2023;69,14;153,06;69,3;45,124;13,49;143,33;24,145;161,14;176,33
04/05/2023;68,31;150,79;68,37;44,736;13,388;143,66;24,285;161,37;179,97
03/05/2023;68,59;150,34;68,89;44,346;13,272;143,11;24,225;160,92;176,95
02/05/2023;68,37;151,23;68,96;44,484;13,19;143,38;24,21;160,98;176,82
28/04/2023;69,1;152,7;69,56;44,914;13,272;143,18;24,13;160,8;174,14
27/04/2023;68,71;151,91;68,83;44,658;13,396;141,88;23,91;160,35;173,9
26/04/2023;68,55;151,34;68,42;44,256;13,254;142,25;24,02;160,5;174,46
25/04/2023;69,13;152,11;69,26;44,212;13,396;142,51;24,025;160,42;174,84
24/04/2023;69,32;153,02;69,32;44,642;13,352;142,03;23,86;160,11;173,71
21/04/2023;69,3;153,56;69,65;44,966;13,386;142,25;23,86;160,22;173,96
20/04/2023;69,01;155,8;69,85;45,616;13,396;142,5;23,925;160,28;176,32
19/04/2023;69,08;155,55;70,11;45,61;13,352;142,02;23,845;160,04;175,72
18/04/2023;69,1;155,87;70,12;46,082;13,442;142,54;23,915;160,28;177,1
17/04/2023;68,85;155,92;70,21;46,186;13,386;142,18;23,885;160,21;176,23
14/04/2023;68,96;154,93;69,66;45,674;13,314;142,42;23,94;160,32;175,75
13/04/2023;68,5;155,11;69,12;45,762;13,312;142,76;24,035;160,51;178,22
12/04/2023;68,17;154,94;69,33;45,604;13,236;142,61;24,05;160,53;176,69
11/04/2023;67,99;155,34;69,82;46,186;13,246;142,75;24,13;160,65;177,27
06/04/2023;67,7;154,02;69,28;45,57;13,224;143,41;24,355;161,12;177,75
05/04/2023;67,32;154,11;69,19;45,506;13,304;143,24;24,365;161,14;178,62
04/04/2023;67,31;154,37;69,4;45,654;13,438;142,9;24,205;160,81;177,93
03/04/2023;67,37;155,55;69,91;45,89;13,482;142,88;24,265;160,78;176,5
31/03/2023;67,45;154,78;69,68;46,08;13,498;142,58;24,165;160,65;175,88
30/03/2023;66,89;153,31;68,83;45,874;13,35;141,51;24,05;160,54;174,75
29/03/2023;66,3;152,75;68,51;45,708;13,328;141,96;24,155;160,8;175,35
28/03/2023;65,43;151,53;67,87;45,432;13,25;141,4;24,175;160,78;175,26
27/03/2023;65,44;150,41;68,29;44,962;13,284;141,76;24,28;161,05;175,31
24/03/2023;64,82;150,28;67,71;45,284;13,226;142,37;24,425;161,32;178,25
23/03/2023;65,56;150,74;67,88;45,428;13,2;142,24;24,33;160,94;176,75
22/03/2023;65,73;151,42;68,59;44,958;13,156;141,71;24,11;160,43;174,42
21/03/2023;65,61;150,15;68,41;44,514;13,146;142,07;24,2;160,82;174,21
20/03/2023;64,72;150,56;67,9;44,416;13,17;141,63;24,465;161,3;178,39
17/03/2023;64,11;150,85;68,01;44,624;13,094;140,98;24,38;161,01;177,2
16/03/2023;64,93;151,18;68,64;44,874;13,15;140,97;24,2;160,77;174,47
15/03/2023;63,96;151,49;67,91;44,37;12,976;142;24,38;161,03;177,24
14/03/2023;65,92;152,16;68,01;44,774;13,04;140,75;23,865;159,72;171,57
13/03/2023;64,95;150,26;67,12;44,79;13,146;141,63;24,115;160,2;171,41
10/03/2023;66,52;153,8;68,41;45,31;13,448;140,88;23,8;159,19;168,13
09/03/2023;67,39;157,56;70,28;45,934;13,688;140,54;23,6;158,9;166,98
08/03/2023;67,48;157,96;70,33;46,588;13,616;140,4;23,595;158,72;166,56
07/03/2023;67,44;157,59;70,45;46,57;13,52;140,23;23,49;158,66;166,09
06/03/2023;67,95;158,45;70,94;46,896;13,446;140,02;23,45;158,66;167,44
03/03/2023;67,97;159,19;70,53;47,026;13,44;140,1;23,48;158,82;168,16
02/03/2023;67,32;157,66;69,25;46,666;13,18;140,13;23,395;158,77;167,43
01/03/2023;66,94;156,55;68,9;46,292;13,118;139,84;23,465;158,84;166,37
28/02/2023;67,42;156,48;69,89;45,772;13,182;140,45;23,585;159,06;166,36
27/02/2023;67,64;156,66;70,12;45,942;13,24;141;23,665;159,19;165,45
24/02/2023;66,97;156,27;69,82;45,852;13,16;141,19;23,745;159,27;165,99
23/02/2023;67,66;157,94;70;46,696;13,23;141,85;23,855;159,47;166,12
22/02/2023;67,64;159,16;69,96;46,428;13,18;141,38;23,755;159,41;166,82
21/02/2023;67,86;159,26;70,03;46,656;13,238;141,29;23,735;159,33;166,26
20/02/2023;68,04;160,49;70,84;47,366;13,344;142,22;23,9;159,53;166,7
17/02/2023;67,99;159,64;70,7;46,966;13,324;142,21;23,915;159,6;166,35
16/02/2023;68,12;161,47;71,84;47,508;13,374;142,33;23,865;159,56;166,19
15/02/2023;68;160,62;71,92;47,312;13,368;142,19;23,895;159,53;165,89
14/02/2023;67,63;162,63;71,25;47,496;13,436;142,28;23,975;159,59;166,91
13/02/2023;67,59;163,53;71,55;47,696;13,482;142,73;24,08;159,78;167,25
10/02/2023;66,98;163,16;71,04;47,632;13,584;142,92;24,075;159,82;168,24
09/02/2023;67,59;164,43;71,33;47,896;13,54;143,58;24,185;159,99;168,05
08/02/2023;67,1;163,57;71,41;47,444;13,462;143,18;24,085;159,91;169,01
07/02/2023;66,96;163,79;71,4;47,58;13,512;143,56;24,18;160,13;169,59
06/02/2023;66,87;163,44;71,37;47,452;13,38;143,69;24,215;160,16;168,27
03/02/2023;67,35;164,43;71,6;47,988;13,43;144,34;24,35;160,34;166,33
02/02/2023;67,07;164,35;71,15;48,192;13,46;145,13;24,585;160,5;169,79
01/02/2023;66,23;163,83;69,24;48,122;13,364;142,97;24,14;159,92;170,66
31/01/2023;66,27;164,25;69,25;48,014;13,43;142,91;24,175;160,01;171,55
30/01/2023;66,45;165,1;69,23;48,464;13,5;142,76;24,11;159,91;171,09
27/01/2023;66,53;166,2;69,61;49,096;13,51;143,27;24,225;160,13;171,83
26/01/2023;66,36;165,6;68,86;49,17;13,446;143,45;24,285;160,14;171,31
25/01/2023;66,13;163,94;67,9;48,592;13,426;143,63;24,395;160,25;171,64
24/01/2023;66,34;164;68,67;48,812;13,368;143,47;24,41;160,23;171,92
23/01/2023;66,49;163,71;68,81;48,924;13,274;143,11;24,295;160,08;170,98
20/01/2023;66,07;162,32;67,5;48,382;13,28;143,27;24,36;160,14;171,68
19/01/2023;65,91;160,55;66,98;47,95;13,216;143,59;24,62;160,35;171,82
18/01/2023;66,88;161,25;68,12;47,742;13,294;144,3;24,675;160,48;170,46
17/01/2023;66,75;161,89;68,6;47,776;13,258;143,9;24,49;160,42;171,05
16/01/2023;66,45;160,79;68,58;47,578;13,05;142,91;24,32;160,1;171,02
13/01/2023;66,15;160,39;68,19;47,718;13,092;142,99;24,335;160,08;170,85
12/01/2023;65,8;159,08;68,12;47,504;12,978;142,91;24,35;160,09;169,11
11/01/2023;65,42;157,86;67,95;47,436;12,812;142,4;24,265;159,89;168,12
10/01/2023;65,13;156,99;67,24;47,31;12,7;141,55;24,06;159,78;168,83
09/01/2023;65,48;158,75;68,14;47,546;12,874;142;24,18;159,92;168,68
06/01/2023;64,99;158,63;67,59;47,092;12,82;142,22;24,17;159,88;169,59
05/01/2023;64,3;157,44;66,95;46,626;12,68;141,22;24,02;159,74;168,09
04/01/2023;64,36;157,69;67,19;46,346;12,82;141,67;24,08;159,83;169,18
03/01/2023;63,49;154,42;66,91;45,648;12,972;141,11;23,885;159,58;167,6
02/01/2023;63,12;155,49;67,97;44,964;12,954;141,18;23,755;159,53;165,17
