Timestamp;BRENT;WTI;RBOB;HO;LS
31/12/2024;74,64;71,72;2,0015;2,3206;695,25
30/12/2024;74,39;70,99;1,9763;2,2995;692,25
27/12/2024;74,17;70,6;1,9582;2,2448;680,5
26/12/2024;73,26;69,62;1,9458;2,2053;671,25
24/12/2024;73,58;70,1;1,9589;2,2215;674
23/12/2024;72,63;69,24;1,9383;2,2263;669,5
20/12/2024;72,94;69,46;1,9416;2,2317;675,25
19/12/2024;72,88;69,91;1,9228;2,2377;679,25
18/12/2024;73,39;70,58;1,9428;2,255;690,75
17/12/2024;73,19;70,08;1,9439;2,2279;673,25
16/12/2024;73,91;70,71;1,9757;2,264;685,75
13/12/2024;74,49;71,29;2,0018;2,27;689,25
12/12/2024;73,41;70,02;1,9885;2,2366;680
11/12/2024;73,52;70,29;1,9858;2,2233;680
10/12/2024;72,19;68,59;1,9568;2,1861;667,75
09/12/2024;72,14;68,37;1,9525;2,1835;662,75
06/12/2024;71,12;67,2;1,9062;2,1326;647,75
05/12/2024;72,09;68,3;1,9325;2,1557;658,5
04/12/2024;72,31;68,54;1,9391;2,1674;666,25
03/12/2024;73,62;69,94;1,9624;2,2177;676,25
02/12/2024;71,83;68,1;1,9172;2,1777;667,25
29/11/2024;72,94;68;1,9437;2,193;677
28/11/2024;73,28;68,72;1,9734;2,2036;669,25
27/11/2024;72,83;68,77;1,9918;2,2404;675
26/11/2024;72,81;68,94;2,0005;2,2353;690
25/11/2024;73,01;71,24;2,0614;2,2749;679
22/11/2024;75,17;70,1;2,0594;2,2744;697,75
21/11/2024;74,23;68,87;2,0458;2,2263;691,75
20/11/2024;72,81;69,39;2,0377;2,2402;682,25
19/11/2024;73,31;69,16;2,0183;2,2514;688,25
18/11/2024;73,3;67,02;1,9493;2,1709;686,5
15/11/2024;71,04;68,7;1,9817;2,2123;671
14/11/2024;72,56;68,43;1,9651;2,2193;674
13/11/2024;72,28;68,12;1,9643;2,2108;666,25
12/11/2024;71,89;68,04;1,957;2,1976;656,5
11/11/2024;71,83;70,38;2,0125;2,2389;656,5
08/11/2024;73,87;72,36;2,0536;2,2864;668,5
07/11/2024;75,63;71,69;2,0354;2,27;680,25
06/11/2024;74,92;71,99;2,0446;2,3042;690,25
05/11/2024;75,53;71,47;2,0192;2,2841;696,5
04/11/2024;75,08;69,49;1,9665;2,2342;683,5
01/11/2024;73,1;69,26;2,0035;2,2195;672
31/10/2024;73,16;68,61;1,9957;2,1876;669
30/10/2024;72,55;67,21;1,9518;2,1337;658,75
29/10/2024;71,12;67,38;1,9664;2,1286;636,25
28/10/2024;71,42;71,78;2,0785;2,2381;644,5
25/10/2024;76,05;70,19;2,0277;2,2023;676,25
24/10/2024;74,38;70,77;2,0414;2,2216;666,75
23/10/2024;74,96;72,09;2,0715;2,237;668,75
22/10/2024;76,04;70,56;2,0147;2,1833;674,5
21/10/2024;74,29;69,22;2,002;2,1522;655,5
18/10/2024;73,06;70,67;2,0468;2,1945;648,5
17/10/2024;74,45;70,39;2,0403;2,1747;660,75
16/10/2024;74,22;70,58;2,0377;2,1877;655,75
15/10/2024;74,25;73,83;2,1086;2,2742;658,25
14/10/2024;77,46;75,56;2,1516;2,3439;692,25
11/10/2024;79,04;75,85;2,1509;2,3509;709,75
10/10/2024;79,4;73,24;2,0664;2,2769;693
09/10/2024;76,58;73,57;2,0681;2,2972;693
08/10/2024;77,18;77,14;2,1538;2,3962;695,75
07/10/2024;80,93;74,38;2,0958;2,3127;726,75
04/10/2024;78,05;73,71;2,0926;2,2947;712,5
03/10/2024;77,62;70,1;1,9859;2,1821;693
02/10/2024;73,9;69,83;1,9666;2,1742;669,5
01/10/2024;73,56;68,17;1,9621;2,1318;678,25
30/09/2024;71,77;68,18;1,953;2,1327;664,25
27/09/2024;71,98;67,67;1,9613;2,1361;657,5
26/09/2024;71,6;69,69;1,9999;2,1602;658,75
25/09/2024;73,46;71,56;2,0297;2,1805;672,5
24/09/2024;75,17;70,37;1,9902;2,1451;668,75
23/09/2024;73,9;71,92;2,0364;2,1615;660,25
20/09/2024;74,49;71,95;2,06;2,172;665,75
19/09/2024;74,88;70,91;2,0107;2,1475;669,25
18/09/2024;73,65;71,19;2,0019;2,1367;658,5
17/09/2024;73,7;70,09;1,9682;2,0968;650
16/09/2024;72,75;68,65;1,9302;2,0843;642,25
13/09/2024;71,61;68,97;1,927;2,1188;649,5
12/09/2024;71,97;67,31;1,8972;2,0917;627,25
11/09/2024;70,61;65,75;1,87;2,058;627,25
10/09/2024;69,19;68,71;1,9204;2,1394;633
09/09/2024;71,84;67,67;1,896;2,115;645,75
06/09/2024;71,06;69,15;1,9258;2,1689;650,5
05/09/2024;72,69;69,2;1,9618;2,1575;666,25
04/09/2024;72,7;70,34;1,9777;2,206;666
03/09/2024;73,75;73,55;2,2117;2,2515;678,5
02/09/2024;77,52;75,91;2,2477;2,284;693,75
30/08/2024;78,8;74,52;2,2148;2,2291;696,5
29/08/2024;79,94;75,53;2,2469;2,2862;704,25
28/08/2024;78,65;77,42;2,2799;2,348;692,5
27/08/2024;79,55;74,83;2,2851;2,2997;708
26/08/2024;81,43;73,01;2,2437;2,2635;726,25
23/08/2024;79,02;71,93;2,205;2,2497;708,25
22/08/2024;77,22;74,04;2,2563;2,2632;698,25
21/08/2024;76,05;74,37;2,2638;2,2635;699,25
20/08/2024;77,2;76,65;2,3102;2,3287;692
19/08/2024;77,66;78,16;2,358;2,3779;709,5
16/08/2024;79,68;76,98;2,3211;2,3682;718,5
15/08/2024;81,04;78,35;2,3747;2,3892;737,25
14/08/2024;79,76;80,06;2,4429;2,4065;729,5
13/08/2024;80,69;76,84;2,3903;2,3397;733,75
12/08/2024;82,3;76,19;2,3992;2,3578;720,25
09/08/2024;79,66;75,23;2,3573;2,3556;720,25
08/08/2024;79,16;73,2;2,3262;2,2958;721,75
07/08/2024;78,33;72,94;2,3336;2,2986;724,5
06/08/2024;76,48;73,52;2,3176;2,3185;702,5
05/08/2024;76,3;76,31;2,398;2,4064;704,5
02/08/2024;76,81;77,91;2,482;2,4155;712,75
01/08/2024;79,52;74,73;2,3871;2,3368;740,75
31/07/2024;80,72;75,81;2,4153;2,375;740,25
30/07/2024;78,63;77,16;2,4605;2,4197;721
29/07/2024;79,78;78,28;2,4676;2,4712;733,5
26/07/2024;81,13;77,59;2,4515;2,4524;736,5
25/07/2024;82,37;76,96;2,4141;2,4099;751,5
24/07/2024;81,71;79,78;2,4706;2,4348;752,5
23/07/2024;81,01;80,13;2,4504;2,4191;737
22/07/2024;82,4;82,82;2,5164;2,4868;744,25
19/07/2024;82,63;82,85;2,5013;2,494;754,75
18/07/2024;85,11;80,76;2,4775;2,4688;762,5
17/07/2024;85,08;81,91;2,4916;2,5136;762,5
16/07/2024;83,73;82,21;2,5153;2,5096;760,5
15/07/2024;84,85;82,62;2,5178;2,5182;773,75
12/07/2024;85,03;82,1;2,5034;2,5184;779,25
11/07/2024;85,4;81,41;2,5274;2,5236;779,5
10/07/2024;85,08;82,33;2,5379;2,5791;779,5
09/07/2024;84,66;83,16;2,5591;2,6024;775,75
08/07/2024;85,75;83,88;2,6013;2,6343;789,5
05/07/2024;86,54;82,81;2,5734;2,6297;807,5
04/07/2024;87,43;83,38;2,5783;2,6147;802,5
03/07/2024;87,34;81,54;2,5291;2,5169;796
02/07/2024;86,24;81,74;2,5456;2,5476;811,5
01/07/2024;86,6;80,9;2,5446;2,5375;797,75
28/06/2024;86,41;80,83;2,5147;2,5094;785,5
27/06/2024;86,39;81,63;2,5115;2,5214;794
26/06/2024;85,25;80,73;2,5137;2,4915;781,5
25/06/2024;85,01;82,17;2,5008;2,5245;785,5
24/06/2024;86,01;81,57;2,4832;2,5208;781,25
21/06/2024;85,24;80,33;2,4469;2,4825;783,25
20/06/2024;85,71;78,45;2,3996;2,4706;782,75
19/06/2024;85,07;78,62;2,4156;2,4868;791,5
18/06/2024;85,33;78,5;2,3944;2,4408;780
17/06/2024;84,25;77,9;2,4089;2,4213;767,25
14/06/2024;82,62;77,74;2,4109;2,4147;762,25
13/06/2024;82,75;75,53;2,3826;2,3517;763,5
12/06/2024;82,6;75,55;2,3975;2,3576;746
11/06/2024;81,92;74,07;2,3536;2,3011;746
10/06/2024;81,63;73,25;2,3495;2,2859;737,25
07/06/2024;79,62;74,22;2,3356;2,2962;722,25
06/06/2024;79,87;76,99;2,426;2,3636;718
05/06/2024;78,41;77,91;2,4046;2,3694;701
04/06/2024;77,52;79,23;2,4644;2,437;703,5
03/06/2024;78,36;79,83;2,509;2,465;708,5
31/05/2024;81,62;77,72;2,4842;2,4136;731,75
30/05/2024;81,86;76,87;2,4694;2,4118;742,75
29/05/2024;83,6;77,57;2,4678;2,4318;751,5
28/05/2024;84,22;79,26;2,51;2,4623;759,5
27/05/2024;83,1;79,8;2,5399;2,4871;749
24/05/2024;82,12;80,06;2,5742;2,4863;739
23/05/2024;81,36;79,23;2,5378;2,4437;746
22/05/2024;81,9;78,63;2,4968;2,4231;746,5
21/05/2024;82,88;78,02;2,4596;2,42;759,5
20/05/2024;83,71;79,12;2,5105;2,4368;765,5
17/05/2024;83,98;78,26;2,4997;2,4344;762,5
16/05/2024;83,27;79,26;2,5418;2,4776;749,25
15/05/2024;82,75;78,99;2,5318;2,4761;745,25
14/05/2024;82,38;78,38;2,5434;2,4656;741,5
13/05/2024;83,36;78,48;2,5882;2,4614;752,75
10/05/2024;82,79;78,11;2,5551;2,4434;760,5
09/05/2024;83,88;78,95;2,5965;2,4431;760,5
08/05/2024;83,58;79;2,5774;2,4519;756,5
07/05/2024;83,16;81,93;2,7108;2,5134;750,25
06/05/2024;83,33;82,63;2,7487;2,5313;750,5
03/05/2024;82,96;83,85;2,7646;2,5482;746,25
02/05/2024;83,67;83,57;2,7582;2,5504;743,75
01/05/2024;83,44;82,81;2,7343;2,5499;753
30/04/2024;87,86;83,36;2,7253;2,5792;774
29/04/2024;88,4;82,85;2,6854;2,5604;781,25
26/04/2024;89,5;83,14;2,7103;2,5413;787,75
25/04/2024;89,01;82,73;2,7137;2,5339;773,5
24/04/2024;88,02;82,69;2,7287;2,5747;781,25
23/04/2024;88,42;85,36;2,8223;2,6513;784,25
22/04/2024;87;85,41;2,7839;2,6542;778,75
19/04/2024;87,29;85,66;2,8029;2,6851;781
18/04/2024;87,11;85,02;2,7741;2,6598;778,25
17/04/2024;87,29;86,21;2,7816;2,7076;806,75
16/04/2024;90,02;85,23;2,7556;2,677;817,75
15/04/2024;90,1;86,43;2,7486;2,7287;814,25
12/04/2024;90,45;86,91;2,7886;2,773;839,5
11/04/2024;89,74;86,59;2,7942;2,7413;831,25
10/04/2024;90,48;85,43;2,7609;2,7324;831,25
09/04/2024;89,42;85,15;2,7589;2,7119;840,75
08/04/2024;90,38;83,71;2,71;2,6271;851
05/04/2024;91,17;83,17;2,7611;2,6156;870,5
04/04/2024;90,65;81,35;2,6847;2,5986;851,5
03/04/2024;89,35;81,62;2,7006;2,6218;862,5
02/04/2024;88,92;81,95;2,7484;2,6786;845,5
01/04/2024;87,42;80,63;2,7398;2,6534;822,5
28/03/2024;87,48;81,07;2,7271;2,6688;817
27/03/2024;86,09;81,68;2,7332;2,6957;813,5
26/03/2024;86,25;83,47;2,7622;2,7607;817,5
25/03/2024;86,75;82,72;2,7573;2,7882;830,25
22/03/2024;85,43;81,04;2,7208;2,727;823,75
21/03/2024;85,78;81,26;2,7033;2,7088;821
20/03/2024;85,95;79,72;2,6615;2,6851;827,75
19/03/2024;87,38;77,56;2,5864;2,6165;851,75
18/03/2024;86,89;77,93;2,5805;2,6518;856,5
15/03/2024;85,34;78,01;2,5272;2,6409;838,5
14/03/2024;85,42;78,93;2,5548;2,6947;830,75
13/03/2024;84,03;79,13;2,5539;2,6633;821,25
12/03/2024;81,92;78,15;2,5328;2,6065;829,5
11/03/2024;82,21;78,74;2,5857;2,6472;829,5
08/03/2024;82,08;79,97;2,6144;2,7042;827
07/03/2024;82,96;78,26;2,3043;2,6838;845
06/03/2024;82,96;78,54;2,271;2,6583;837,75
05/03/2024;82,04;78,87;2,3444;2,746;822,25
04/03/2024;82,8;77,58;2,3056;2,7627;828,5
01/03/2024;83,55;76,49;2,2767;2,6897;852
29/02/2024;83,62;78,61;2,3347;2,752;826,75
28/02/2024;83,68;77,91;2,286;2,7052;819,25
27/02/2024;83,65;78,18;2,2774;2,7315;846,25
26/02/2024;82,53;79,19;2,336;2,8066;840,75
23/02/2024;81,62;78,03;2,3183;2,8237;833,25
22/02/2024;83,67;76,64;2,3169;2,8101;836,5
21/02/2024;83,03;77,87;2,3946;2,8959;836,5
20/02/2024;82,34;76,92;2,3673;2,9196;837,75
19/02/2024;83,56;76,84;2,3395;2,9642;854,25
16/02/2024;83,47;76,22;2,342;2,8908;847,75
15/02/2024;82,86;73,86;2,263;2,8152;863,25
14/02/2024;81,6;73,31;2,2173;2,7427;857
13/02/2024;82,77;72,78;2,2092;2,7248;874,75
12/02/2024;82;72,28;2,1475;2,66;918,25
09/02/2024;82,19;73,82;2,1948;2,7129;918,25
08/02/2024;81,63;75,85;2,1833;2,8082;886,75
07/02/2024;79,21;77,82;2,2607;2,8068;861,5
06/02/2024;78,59;76,78;2,2285;2,8339;841,25
05/02/2024;77,99;78,01;2,2941;2,8434;818
02/02/2024;77,33;77,36;2,2644;2,7954;813,5
01/02/2024;78,7;75,09;2,2095;2,6818;854,5
31/01/2024;81,71;74,37;2,2101;2,6913;855
30/01/2024;82,87;75,19;2,2378;2,6935;847,5
29/01/2024;82,4;73,41;2,1628;2,6621;854,75
26/01/2024;83,55;74,08;2,1835;2,6936;835,5
25/01/2024;82,43;72,56;2,1354;2,6536;830,5
24/01/2024;80,04;72,4;2,1219;2,6606;810,25
23/01/2024;79,55;72,68;2,1203;2,6693;813,5
22/01/2024;80,06;72,02;2,1143;2,6738;799,25
19/01/2024;78,56;71,37;2,0673;2,6006;796,25
18/01/2024;79,1;72,24;2,0768;2,6504;790
17/01/2024;77,88;70,77;2,0278;2,5769;778
16/01/2024;78,29;73,81;2,1055;2,6085;794,25
15/01/2024;78,15;72,19;2,1101;2,5884;779,25
12/01/2024;78,29;72,7;2,1581;2,6044;785,25
11/01/2024;77,41;70,38;2,0949;2,5258;775,5
10/01/2024;76,8;71,65;2,1026;2,5531;775,5
09/01/2024;77,59;71,77;2,0852;2,5563;772,75
08/01/2024;76,12;74,11;2,155;2,6239;750,75
05/01/2024;78,76;75,57;2,1583;2,6688;765,75
04/01/2024;77,59;73,56;2,1301;2,6612;754,5
03/01/2024;78,25;73,89;2,1585;2,6968;773,25
02/01/2024;75,89;74,22;2,2007;2,7085;751,25
29/12/2023;77,04;73,44;2,2008;2,7168;750,75
28/12/2023;78,39;72,47;2,159;2,6728;770,5
27/12/2023;79,65;71,43;2,137;2,6208;778,5
26/12/2023;81,07;71,58;2,1188;2,5913;789,5
22/12/2023;79,07;69,47;2,0249;2,5481;790,5
21/12/2023;79,39;68,61;1,9797;2,5074;790,75
20/12/2023;79,7;71,32;2,0431;2,6087;798
19/12/2023;79,23;71,23;2,0498;2,581;793
18/12/2023;77,95;69,34;2,0012;2,5492;785,25
15/12/2023;76,55;69,38;2,0302;2,5762;763,75
14/12/2023;76,61;72,32;2,1103;2,6411;752
13/12/2023;74,26;73,04;2,1342;2,6597;732,25
12/12/2023;73,24;74,07;2,1211;2,6615;778,25
11/12/2023;76,03;75,96;2,1998;2,8305;778,25
08/12/2023;75,84;77,86;2,2836;2,8885;774
07/12/2023;74,05;76,41;2,23;2,907;768,5
06/12/2023;74,3;74,86;2,1799;2,8379;768,75
05/12/2023;77,2;75,54;2,1651;2,8357;792,25
04/12/2023;78,03;77,1;2,2324;2,8891;793
01/12/2023;78,88;77,77;2,2338;2,9249;806,5
30/11/2023;82,83;77,6;2,226;2,8495;801,5
29/11/2023;83,1;75,89;2,1845;2,7725;820,5
28/11/2023;81,68;72,9;2,1011;2,7502;833,25
27/11/2023;79,98;76,66;2,2018;2,8687;817,25
24/11/2023;80,58;78,26;2,2228;2,8371;833,75
23/11/2023;81,42;78,26;2,2359;2,8393;826
22/11/2023;81,96;77,17;2,1895;2,7431;821,5
21/11/2023;82,45;75,74;2,1608;2,7191;827,25
20/11/2023;82,32;75,33;2,1285;2,7492;823
17/11/2023;80,61;77,37;2,1677;2,8384;805,25
16/11/2023;77,42;80,82;2,2359;2,9524;792
15/11/2023;81,18;80,51;2,201;2,9238;818
14/11/2023;82,47;82,46;2,246;3,0255;824,5
13/11/2023;82,52;80,44;2,1855;2,9615;813,25
10/11/2023;81,43;81,02;2,2227;2,991;812,75
09/11/2023;80,01;82,31;2,22;2,9663;812,75
08/11/2023;79,54;85,54;2,3125;3,0519;839
07/11/2023;81,61;83,21;2,2561;3,0439;857
06/11/2023;85,18;85,39;2,2842;3,0305;886,75
03/11/2023;84,89;83,74;2,2676;3,0449;886,5
02/11/2023;86,85;85,49;2,3285;3,0955;910
01/11/2023;84,63;88,75;2,3736;3,1566;893
31/10/2023;87,41;89,37;2,3617;3,173;882,5
30/10/2023;87,45;88,32;2,3535;3,1393;865,75
27/10/2023;90,48;86,66;2,2845;3,1767;878,75
26/10/2023;87,93;86,66;2,273;3,1492;888,5
25/10/2023;90,13;87,69;2,2653;3,2117;879,5
24/10/2023;88,07;82,91;2,165;3,0449;881,25
23/10/2023;89,83;83,49;2,2101;2,9985;920,75
20/10/2023;92,16;85,97;2,2584;3,0201;933,25
19/10/2023;92,38;86,38;2,2381;2,9666;910
18/10/2023;91,5;82,79;2,1922;2,9008;912,75
17/10/2023;89,9;82,31;2,189;2,8687;901,5
16/10/2023;89,65;84,22;2,198;3,0178;926,25
13/10/2023;90,89;89,23;2,3601;3,1954;927,5
12/10/2023;86;88,82;2,4122;3,2225;889,25
11/10/2023;85,82;90,79;2,4399;3,3622;889,25
10/10/2023;87,65;91,71;2,5053;3,318;901
09/10/2023;88,15;93,68;2,5986;3,3147;891,25
06/10/2023;84,58;90,39;2,5622;3,2238;868,25
05/10/2023;84,07;89,68;2,5439;3,2622;868,5
04/10/2023;85,81;90,03;2,5618;3,3062;919,25
03/10/2023;90,92;89,63;2,6199;3,368;951
02/10/2023;90,71;90,28;2,6192;3,3268;969,75
29/09/2023;95,31;91,2;2,6581;3,3739;1001,5
28/09/2023;95,38;91,48;2,6979;3,2883;995,75
27/09/2023;96,55;90,77;2,7081;3,3834;971,25
26/09/2023;93,96;90,16;2,7427;3,4815;954,5
25/09/2023;93,29;88,52;2,7384;3,4354;965
22/09/2023;93,27;88,84;2,7279;3,3283;982,5
21/09/2023;93,3;87,29;2,7187;3,3622;1007
20/09/2023;93,53;87,51;2,6537;3,2991;963,5
19/09/2023;94,34;86,87;2,623;3,2123;976,5
18/09/2023;94,43;87,54;2,6014;3,1927;968
15/09/2023;93,93;86,69;2,581;3,2196;987,75
14/09/2023;93,7;85,55;2,5912;3,105;1010,5
13/09/2023;91,88;83,63;2,7664;3,1426;989,75
12/09/2023;92,06;81,63;2,8092;3,0962;1011,75
11/09/2023;90,64;81,16;2,7905;3,2095;1011,75
08/09/2023;90,65;80,1;2,7957;3,2037;988,75
07/09/2023;89,92;79,83;2,8764;3,3075;944,5
06/09/2023;90,6;79,05;2,78;3,1564;930,75
05/09/2023;90,04;78,89;2,7688;3,1291;951,75
04/09/2023;89;80,35;2,7891;3,1388;922,75
01/09/2023;88,55;80,72;2,7726;3,1162;916,5
31/08/2023;86,86;81,25;2,8232;3,1597;895,5
30/08/2023;85,86;80,39;2,8217;3,0938;895
29/08/2023;85,49;79,38;2,8671;3,0209;930,5
28/08/2023;84,42;80,99;2,8476;3,028;947,25
25/08/2023;84,48;82,51;2,9062;3,0883;942,75
24/08/2023;83,36;83,19;2,9649;3,1215;916,75
23/08/2023;83,21;82,82;2,9047;3,1533;913
22/08/2023;84,03;84,4;2,9284;3,207;914,25
21/08/2023;84,46;82,92;2,8451;3,0856;915
18/08/2023;84,8;81,94;2,8044;3,0155;916,5
17/08/2023;84,12;82,82;2,7831;3,0622;901
16/08/2023;83,45;81,55;2,7647;3,0749;882,25
15/08/2023;84,89;79,49;2,7758;3,0043;883
14/08/2023;86,21;81,37;2,873;3,0234;899,75
11/08/2023;86,81;81,8;2,929;2,9909;917
10/08/2023;86,4;80,58;2,9558;2,9586;941,75
09/08/2023;87,55;80,09;2,9505;2,9169;941,75
08/08/2023;86,17;78,78;2,9072;2,8429;888,75
07/08/2023;85,34;79,63;2,8533;2,7776;889
04/08/2023;86,24;78,74;2,8951;2,7705;903,5
03/08/2023;85,14;77,07;2,8018;2,7457;899,5
02/08/2023;83,2;75,63;2,7432;2,6644;884,5
01/08/2023;84,91;75,35;2,7205;2,6418;911,5
31/07/2023;85,56;75,75;2,6944;2,5994;877,25
28/07/2023;84,99;74,15;2,6317;2,5642;874
27/07/2023;84,24;75,42;2,6437;2,5979;854,25
26/07/2023;82,92;76,89;2,6786;2,6104;832,25
25/07/2023;83,64;75,75;2,667;2,5996;806,25
24/07/2023;82,74;74,83;2,6227;2,5837;823,75
21/07/2023;81,07;72,99;2,5696;2,5532;795
20/07/2023;79,64;73,86;2,5893;2,5591;768,75
19/07/2023;79,46;71,8;2,5438;2,4794;776,25
18/07/2023;79,63;71,79;2,5183;2,4933;756
17/07/2023;78,5;69,79;2,4624;2,3773;748,25
14/07/2023;79,87;70,64;2,634;2,4482;756
13/07/2023;81,36;69,86;2,6177;2,4156;756,25
12/07/2023;80,11;69,56;2,6034;2,4067;761,25
11/07/2023;79,4;67,7;2,5168;2,399;761,25
10/07/2023;77,69;69,37;2,5375;2,4388;755
07/07/2023;78,47;69,16;2,5172;2,4071;744
06/07/2023;76,52;69,51;2,5501;2,4655;720,5
05/07/2023;76,65;72,53;2,6241;2,5642;739
04/07/2023;76,25;70,5;2,6092;2,4754;717,75
03/07/2023;74,65;71,78;2,6805;2,5514;706,5
30/06/2023;74,9;70,62;2,6417;2,4796;709,25
29/06/2023;74,34;68,27;2,5546;2,3577;696
28/06/2023;74,03;69,42;2,5579;2,3955;704
27/06/2023;72,26;67,12;2,4826;2,3091;710,25
26/06/2023;74,18;70,17;2,5932;2,361;707
23/06/2023;73,85;71,29;2,6127;2,3898;701,25
22/06/2023;74,14;72,53;2,6412;2,4018;712
21/06/2023;77,12;71,74;2,5643;2,3678;736,5
20/06/2023;75,9;72,15;2,5244;2,3775;711,5
19/06/2023;76,09;71,74;2,5007;2,3569;731,5
16/06/2023;76,61;70,1;2,4362;2,3147;736
15/06/2023;75,67;68,09;2,5599;2,2596;712,25
14/06/2023;73,2;69,46;2,5959;2,2808;694
13/06/2023;74,29;72,67;2,7034;2,3693;698,25
12/06/2023;71,84;71,83;2,6735;2,3462;708
09/06/2023;74,79;74,34;2,7212;2,4137;708
08/06/2023;75,96;72,91;2,6622;2,3617;704
07/06/2023;76,95;71,99;2,6489;2,3664;710,5
06/06/2023;76,29;71,55;2,5761;2,3622;700,75
05/06/2023;76,71;71,86;2,5683;2,4026;707
02/06/2023;76,13;72,83;2,5692;2,4226;695,25
01/06/2023;74,28;70,86;2,4791;2,3639;681,5
31/05/2023;72,66;71,11;2,472;2,378;662,75
30/05/2023;73,54;70,04;2,4302;2,3055;672,25
29/05/2023;77,07;70,87;2,4577;2,3495;689,25
26/05/2023;76,95;72,56;2,4949;2,3934;692,5
25/05/2023;76,26;73,71;2,4799;2,3902;679,25
24/05/2023;78,36;73,16;2,4616;2,3777;698
23/05/2023;76,84;71,34;2,379;2,3147;689
22/05/2023;75,99;68,56;2,3259;2,2387;683
19/05/2023;75,58;68,6;2,3221;2,2323;689,25
18/05/2023;75,86;71,66;2,4357;2,2892;693
17/05/2023;76,96;75,66;2,5504;2,3823;694
16/05/2023;74,91;76,78;2,578;2,3787;680
15/05/2023;75,23;74,76;2,5328;2,3542;679,5
12/05/2023;74,17;74,3;2,5494;2,373;669
11/05/2023;74,98;77,07;2,5886;2,4511;694,75
10/05/2023;76,41;78,76;2,6318;2,531;694,75
09/05/2023;77,44;77,87;2,6016;2,4886;675,25
08/05/2023;77,01;77,29;2,5864;2,4949;690,5
05/05/2023;75,3;79,16;2,6455;2,5577;670,75
04/05/2023;72,5;80,86;2,7509;2,5999;648,5
03/05/2023;72,33;80,83;2,774;2,6147;636,75
02/05/2023;75,32;82,52;2,8359;2,6392;661
01/05/2023;79,31;82,16;2,8317;2,6728;691
28/04/2023;79,54;83,26;2,8727;2,7031;695
27/04/2023;78,37;81,53;2,8652;2,6682;687,5
26/04/2023;77,69;79,74;2,8079;2,6814;704,75
25/04/2023;80,77;80,7;2,8133;2,6605;716,25
24/04/2023;82,73;80,61;2,8201;2,731;733,5
21/04/2023;81,66;80,71;2,7371;2,6667;724
20/04/2023;81,1;80,42;2,7575;2,6626;718,75
19/04/2023;83,12;75,67;2,7005;2,6763;744,5
18/04/2023;84,77;74,37;2,6614;2,6237;759
17/04/2023;84,76;72,97;2,6681;2,6581;757,25
14/04/2023;86,31;73,2;2,7121;2,7696;772
13/04/2023;86,09;72,81;2,6842;2,7704;782,25
12/04/2023;87,33;69,26;2,5885;2,6952;771
11/04/2023;85,61;69,96;2,6059;2,6847;771
10/04/2023;84,18;70,9;2,5932;2,7403;780,5
06/04/2023;85,12;69,33;2,5389;2,6902;780,25
05/04/2023;84,99;67,64;2,536;2,6871;789
04/04/2023;84,94;66,74;2,5015;2,6787;770,5
03/04/2023;84,93;68,35;2,5035;2,6435;789,5
31/03/2023;79,77;67,61;2,4384;2,6049;762,75
30/03/2023;79,27;71,33;2,553;2,7144;756,25
29/03/2023;78,28;74,8;2,5914;2,7615;762,75
28/03/2023;78,65;76,68;2,6458;2,7729;782,75
27/03/2023;78,12;75,72;2,6051;2,6689;768,5
24/03/2023;74,99;76,66;2,6889;2,7419;765,25
23/03/2023;75,91;77,58;2,7007;2,7975;781,25
22/03/2023;76,69;80,46;2,7965;2,8866;784,5
21/03/2023;75,32;79,68;2,7504;2,9131;770,5
20/03/2023;73,79;78,16;2,7003;2,8662;771,5
17/03/2023;72,97;77,69;2,6748;2,8738;775,5
16/03/2023;74,7;77,05;2,4343;2,8209;750,25
15/03/2023;73,69;75,68;2,3683;2,8198;733,75
14/03/2023;77,45;76,32;2,3587;2,7962;802,75
13/03/2023;80,77;75,39;2,3795;2,7081;804,25
10/03/2023;82,78;73,95;2,3376;2,7148;803,5
09/03/2023;81,59;76,16;2,4156;2,7919;803,5
08/03/2023;82,66;76,34;2,4082;2,7121;809
07/03/2023;83,29;78,49;2,4355;2,8108;823,25
06/03/2023;86,18;78,59;2,4978;2,8444;842,75
03/03/2023;85,83;79,06;2,4885;2,9401;856
02/03/2023;84,75;80,14;2,5311;2,9057;849,25
01/03/2023;84,31;79,72;2,5037;2,8646;839,25
28/02/2023;83,89;78,06;2,4475;2,8154;833,25
27/02/2023;82,45;78,47;2,4628;2,8933;826,25
24/02/2023;83,16;77,14;2,4568;2,9044;808,25
23/02/2023;82,21;74,11;2,3734;2,7687;783,5
22/02/2023;80,6;73,39;2,321;2,7753;797,25
21/02/2023;83,05;75,88;2,4523;2,8967;800,75
20/02/2023;84,07;76,41;2,4538;2,9511;799,25
17/02/2023;83;78,87;2,5435;3,1823;791,25
16/02/2023;85,14;77,9;2,4989;3,1108;820
15/02/2023;85,38;79,68;2,5886;3,2655;829,75
14/02/2023;85,58;81,01;2,6121;3,3965;850,25
13/02/2023;86,61;80,15;2,5934;3,3613;841,25
10/02/2023;86,39;80,13;2,6487;3,4272;814
09/02/2023;84,5;81,62;2,6965;3,5509;814
08/02/2023;85,09;81,31;2,6454;3,4668;836
07/02/2023;83,69;80,33;2,5968;3,3759;831,75
06/02/2023;80,99;79,48;2,5235;3,263;781,75
03/02/2023;79,94;80,18;2,5451;3,251;819
02/02/2023;82,17;79,86;2,5328;3,2559;845,5
01/02/2023;82,84;78,39;2,4753;3,219;881,75
31/01/2023;84,49;77,41;2,4345;3,2179;915,25
30/01/2023;84,9;75,12;2,3277;3,1357;909,5
27/01/2023;86,66;74,63;2,2929;3,036;938
26/01/2023;87,47;73,77;2,2446;3,0045;965,25
25/01/2023;86,12;73,67;2,2671;2,9723;957,5
24/01/2023;86,13;72,84;2,2592;2,9719;985,75
23/01/2023;88,19;76,93;2,3612;3,0865;1012,25
20/01/2023;87,63;80,26;2,4595;3,3622;983,5
19/01/2023;86,16;78,4;2,3707;3,313;943
18/01/2023;84,98;78,96;2,3629;3,3778;953,5
17/01/2023;85,92;79,53;2,3602;3,3537;927,25
16/01/2023;84,46;79,56;2,3836;3,2661;934
13/01/2023;85,28;77,49;2,2488;3,1314;932,75
12/01/2023;84,03;78,29;2,2558;3,1395;905,5
11/01/2023;82,67;76,09;2,2228;3,0589;905,5
10/01/2023;80,1;75,19;2,1776;3,0535;883,5
09/01/2023;79,65;74,29;2,1323;3,1199;880,5
06/01/2023;78,57;76,11;2,1668;3,2834;880,25
05/01/2023;78,69;77,28;2,2444;3,2768;860,25
04/01/2023;77,84;75,39;2,1609;3,0922;842,75
03/01/2023;82,1;73,17;2,081;2,9685;900
30/12/2022;85,91;71,02;2,0561;2,7937;921
29/12/2022;82,26;71,46;2,0491;2,8798;918,75
28/12/2022;83,26;72,01;2,0772;2,7805;920,5
27/12/2022;84,33;74,25;2,1491;2,9155;969,75
23/12/2022;83,92;76,93;2,2019;2,9998;907,5
22/12/2022;80,98;79,98;2,2804;3,1685;895
21/12/2022;82,2;81,22;2,342;3,2624;891,25
20/12/2022;79,99;80,55;2,4185;3,3629;867,75
19/12/2022;79,8;78,2;2,3321;3,2959;879,75
16/12/2022;79,04;77,24;2,3306;3,2154;886
15/12/2022;81,21;76,28;2,3282;3,2391;922,25
14/12/2022;82,7;77,94;2,4744;3,3593;922,75
13/12/2022;80,68;80,95;2,5405;3,4713;883,5
12/12/2022;77,99;79,73;2,4371;3,4973;820,75
09/12/2022;76,1;80,08;2,4208;3,5181;820,75
08/12/2022;76,15;81,64;2,4547;3,5248;805,75
07/12/2022;77,17;85,59;2,508;3,6136;808,75
06/12/2022;79,35;86,92;2,5161;3,6413;822,25
05/12/2022;82,68;85,87;2,5285;3,544;893,5
02/12/2022;85,57;88,96;2,6096;3,5553;912,25
01/12/2022;86,88;86,47;2,5663;3,5694;952,75
30/11/2022;85,43;85,83;2,5446;3,6563;927,25
29/11/2022;83,03;88,91;2,6367;3,7707;892,25
28/11/2022;83,19;91,79;2,6531;3,7811;887
25/11/2022;83,63;92,61;2,7348;3,9148;916,25
24/11/2022;85,34;88,17;2,6939;3,8653;921,25
23/11/2022;85,41;90;2,6972;3,6774;926,25
22/11/2022;88,36;88,37;2,5945;3,6211;943,25
21/11/2022;87,45;86,53;2,8107;4,1909;916,75
18/11/2022;87,62;87,9;2,9066;4,5498;946
17/11/2022;89,78;89,08;3,0116;4,3339;956
16/11/2022;92,86;87,91;2,8994;4,1201;991,75
15/11/2022;93,86;85,32;2,916;3,9672;990,25
14/11/2022;93,14;84,58;2,7302;3,9201;991,75
11/11/2022;95,99;85,05;2,662;3,8323;987,75
10/11/2022;93,67;85,98;2,6478;3,7568;1028,5
09/11/2022;92,65;85,55;2,6522;3,9043;1028,5
08/11/2022;95,36;82,82;2,5506;3,9935;1067,25
07/11/2022;97,92;85,46;2,5931;4,0852;1096,5
04/11/2022;98,57;85,61;2,6309;3,9802;1115
03/11/2022;94,67;89,11;2,7034;4,0948;1107,25
02/11/2022;96,16;87,27;2,6303;3,9328;1054,25
01/11/2022;94,65;89,35;2,6273;3,9308;1047,5
31/10/2022;94,83;91,13;2,6228;3,9147;1100,25
28/10/2022;95,77;92,64;2,7346;4,0187;1133,5
27/10/2022;96,96;88,45;2,6814;3,8649;1110,5
26/10/2022;95,69;87,76;2,6685;3,6869;1105,25
25/10/2022;93,52;86,52;2,683;3,5358;1072,25
24/10/2022;93,26;83,63;2,5129;3,3691;1082,25
21/10/2022;93,5;79,49;2,4726;3,369;1050,5
20/10/2022;92,38;81,23;2,5076;3,4146;1073,25
19/10/2022;92,41;82,15;2,5779;3,4494;1075,25
18/10/2022;90,03;78,5;2,4931;3,2599;1105
17/10/2022;91,62;76,71;2,3842;3,1291;1112,25
14/10/2022;91,63;78,74;2,383;3,2371;1085,75
13/10/2022;94,57;83,49;2,5157;3,4115;1115,75
12/10/2022;92,45;82,94;2,4865;3,3338;1192
11/10/2022;94,29;84,45;2,4478;3,3722;1192
10/10/2022;96,19;85,73;2,4641;3,3108;1281,5
07/10/2022;97,92;85,11;2,4157;3,1725;1257,75
06/10/2022;94,42;85,1;2,4287;3,2052;1185,75
05/10/2022;93,37;88,48;2,5245;3,3789;1182,25
04/10/2022;91,8;87,31;2,4804;3,5413;1103,25
03/10/2022;88,86;87,78;2,4448;3,6031;1031,25
30/09/2022;87,96;86,79;2,4331;3,5787;993,25
29/09/2022;88,49;83,54;2,3461;3,5401;1011,75
28/09/2022;89,32;81,94;2,3077;3,586;1008,75
27/09/2022;86,27;86,88;2,4159;3,5738;967,25
26/09/2022;84,06;86,87;2,4636;3,578;934,25
23/09/2022;86,15;86,61;2,3853;3,5612;963
22/09/2022;90,46;89,55;2,6059;3,7154;1006,25
21/09/2022;89,83;91,64;2,6944;3,8171;967,25
20/09/2022;90,62;97,01;2,8776;3,9099;976,25
19/09/2022;92;93,06;2,8513;4,0076;963
16/09/2022;91,35;92,52;2,8121;3,9491;953
15/09/2022;90,84;94,89;2,8007;4,0132;923,25
14/09/2022;94,1;93,74;2,933;3,8419;991,5
13/09/2022;93,17;90,23;2,8912;3,7762;1057,5
12/09/2022;94;90,77;3,0175;3,7005;1085
09/09/2022;92,84;90,5;3,0261;3,6497;1085
08/09/2022;89,15;88,11;2,9345;3,6174;1075
07/09/2022;88;86,53;2,9007;3,4802;1099,5
06/09/2022;92,83;89,41;2,9517;3,4403;1079,25
05/09/2022;95,74;92,09;3,046;3,5178;1142
02/09/2022;93,02;94,34;3,0715;3,484;1091,25
01/09/2022;92,36;91,93;3,0703;3,4103;1050,5
31/08/2022;96,49;90,5;2,9602;3,3338;1098,5
30/08/2022;99,31;90,76;2,8862;3,1791;1122
29/08/2022;105,09;89,01;2,8556;3,2159;1186,25
26/08/2022;100,99;88,54;2,7935;3,3372;1194
25/08/2022;99,34;90,66;2,9122;3,4148;1174
24/08/2022;101,22;94,42;3,0567;3,3804;1167,75
23/08/2022;100,22;93,89;2,9981;3,44;1119
22/08/2022;96,48;98,62;3,4881;3,6247;1096,75
19/08/2022;96,72;96,42;3,4646;3,6863;1087,25
18/08/2022;96,59;97,26;3,4288;3,7173;1074,25
17/08/2022;93,65;94,98;3,355;3,5839;1041,5
16/08/2022;92,34;96,7;3,382;3,5166;1018
15/08/2022;95,1;94,7;3,2228;3,4556;1022
12/08/2022;98,15;96,35;3,1495;3,5903;1045,25
11/08/2022;99,6;102,26;3,2754;3,6043;992
10/08/2022;97,4;104,22;3,3075;3,6268;992
09/08/2022;96,31;102,6;3,2643;3,6555;997,75
08/08/2022;96,65;97,59;3,2132;3,699;953,75
05/08/2022;94,92;95,78;3,1868;3,6494;990
04/08/2022;94,12;96,3;3,2337;3,6659;1009
03/08/2022;96,78;95,84;3,2646;3,6626;1035
02/08/2022;100,54;104,09;3,4622;3,7681;1014,5
01/08/2022;100,03;104,79;3,4471;3,6729;1028,5
29/07/2022;110,01;102,73;3,4204;3,6739;1106,5
28/07/2022;107,14;98,53;3,2366;3,4106;1103,75
27/07/2022;106,62;99,5;3,329;3,6016;1101,5
26/07/2022;104,4;108,43;3,6878;3,9389;1069,5
25/07/2022;105,15;105,76;3,6498;3,8982;1055,75
22/07/2022;103,2;109,78;3,827;4,0367;1067,5
21/07/2022;103,86;111,76;3,9351;4,1994;1026,5
20/07/2022;106,92;109,57;3,8372;4,2302;1071,75
19/07/2022;107,35;107,62;3,8848;4,3629;1068,25
18/07/2022;106,27;104,27;3,7656;4,3379;1115,25
15/07/2022;101,16;106,19;3,8341;4,4046;1112,5
14/07/2022;99,1;110,65;3,7945;4,3584;1067,25
13/07/2022;99,57;109,56;3,793;4,3398;1095,5
12/07/2022;99,49;117,59;3,9558;4,5713;1192,5
11/07/2022;107,1;115,31;3,8942;4,547;1192,5
08/07/2022;107,02;118,93;3,9938;4,394;1133,5
07/07/2022;104,65;120,93;4,0353;4,2834;1129,25
06/07/2022;100,69;120,67;4,1722;4,3667;1082,75
05/07/2022;102,77;121,51;4,2762;4,4037;1153,75
04/07/2022;113,5;122,11;4,2219;4,3143;1238,75
01/07/2022;111,63;119,41;4,1577;4,3206;1226,5
30/06/2022;114,81;118,5;4,193;4,3601;1160
29/06/2022;116,26;118,87;4,2522;4,2803;1219,75
28/06/2022;117,98;116,87;4,1909;4,2084;1218,75
27/06/2022;115,09;115,26;4,0716;4,1433;1262,5
24/06/2022;113,12;114,67;4,0804;4,0909;1302
23/06/2022;110,05;115,07;4,0158;4,0029;1290,5
22/06/2022;111,74;114,09;3,8774;3,968;1284,25
21/06/2022;114,65;110,33;3,8317;3,8664;1320,25
20/06/2022;114,13;109,77;3,811;3,7818;1317
17/06/2022;113,12;110,29;3,7977;3,7688;1294
16/06/2022;119,81;113,23;3,837;3,7391;1300,25
15/06/2022;118,51;112,21;3,8317;3,792;1332,25
14/06/2022;121,17;109,59;3,7206;3,6681;1297,75
13/06/2022;122,27;112,4;3,9417;3,7993;1267,75
10/06/2022;122,01;114,2;4,0229;3,9075;1389,5
09/06/2022;123,07;110,49;3,9578;3,9212;1389,5
08/06/2022;123,58;106,13;3,7917;3,9161;1339,75
07/06/2022;120,57;105,71;3,6855;3,9512;1336,5
06/06/2022;119,51;99,76;3,5415;3,9322;1353
03/06/2022;119,72;103,09;3,6419;3,8349;1318,5
02/06/2022;117,61;109,77;3,759;3,9543;1258,5
01/06/2022;116,29;108,26;3,6587;4,0413;1270
31/05/2022;122,84;107,81;3,6523;4,197;1244,25
30/05/2022;121,67;102,41;3,5012;4,0827;1196
27/05/2022;119,43;105,17;3,5101;4,2049;1168,75
26/05/2022;117,4;104,69;3,4721;4,7817;1159,5
25/05/2022;114,03;105,36;3,5034;5,1354;1110
24/05/2022;113,56;102,02;3,456;4,6743;1093,25
23/05/2022;113,42;101,7;3,3388;4,4679;1071
20/05/2022;112,55;98,54;3,2398;4,0909;1068
19/05/2022;112,04;102,07;3,305;3,9386;1045
18/05/2022;109,11;103,79;3,3386;3,9008;1047,75
17/05/2022;111,93;102,75;3,2848;3,9731;1090,5
16/05/2022;114,24;102,56;3,2474;3,8619;1094
13/05/2022;111,55;108,21;3,3781;3,8908;1107
12/05/2022;107,45;106,95;3,3814;3,8548;1138,75
11/05/2022;107,51;104,25;3,2913;3,7184;1138,75
10/05/2022;102,46;100,6;3,1538;3,4644;1126
09/05/2022;105,94;94,29;3,0031;3,2677;1083,25
06/05/2022;112,39;98,26;3,1316;3,3176;1139
05/05/2022;110,9;96,03;3,0398;3,2678;1189,5
04/05/2022;110,14;96,23;3,0462;3,3452;1193
03/05/2022;104,97;101,96;3,1649;3,4682;1196,5
02/05/2022;107,58;103,28;3,1981;3,5461;1247,75
29/04/2022;109,34;99,27;3,1535;3,424;1227,25
28/04/2022;107,59;100,28;3,1896;3,6912;1190,75
27/04/2022;105,32;107,82;3,325;3,8085;1169,25
26/04/2022;104,99;104,24;3,2033;3,7161;1129,25
25/04/2022;102,32;105,96;3,2188;3,7834;1065,5
22/04/2022;106,65;113,9;3,47;4,1146;1118,75
21/04/2022;108,33;112,34;3,3897;4,1534;1112,25
20/04/2022;106,8;114,93;3,4387;4,1148;1128,5
19/04/2022;107,25;111,76;3,3307;3,8642;1103,5
18/04/2022;113,16;112,12;3,3716;3,8009;1171,75
14/04/2022;111,7;104,7;3,2388;3,5981;1119,75
13/04/2022;108,78;102,98;3,2166;3,4874;1056,25
12/04/2022;104,64;95,04;2,9875;3,1001;1040,25
11/04/2022;98,48;96,44;2,9981;3,0297;1040,25
08/04/2022;102,78;103,01;3,1689;3,2763;1015,5
07/04/2022;100,58;109,33;3,3121;3,4176;982,5
06/04/2022;101,07;106,02;3,1567;3,2962;1054,25
05/04/2022;106,64;108,7;3,2938;3,4643;1080,25
04/04/2022;107,53;123,7;3,6826;4,4373;1138,25
01/04/2022;104,39;119,4;3,5721;3,9215;1091
31/03/2022;107,91;115,68;3,544;3,7763;1060,75
30/03/2022;113,45;107,67;3,2844;3,5034;1087,5
29/03/2022;110,23;110,6;3,3083;3,4947;1063
28/03/2022;112,48;103,41;3,0887;3,1511;1130,75
25/03/2022;120,65;95,72;2,797;3,0134;1195,75
24/03/2022;119,03;91,59;2,7273;2,8495;1233,75
23/03/2022;121,6;92,81;2,771;2,8969;1235,75
22/03/2022;115,48;92,1;2,7253;2,8292;1171,25
21/03/2022;115,62;92,35;2,7108;2,8188;1157,75
18/03/2022;107,93;91,07;2,6696;2,7815;1064,75
17/03/2022;106,64;91,76;2,6486;2,7862;1056,5
16/03/2022;98,02;93,66;2,6771;2,8575;919,5
15/03/2022;99,91;92,07;2,6691;2,8595;904
14/03/2022;106,9;95,46;2,7794;2,9618;964
11/03/2022;112,67;93,1;2,7386;2,9109;1012
10/03/2022;109,33;89,88;2,6654;2,8272;1522,5
09/03/2022;111,14;89,66;2,6534;2,8249;1522,5
08/03/2022;127,98;89,36;2,6251;2,7926;1492,75
07/03/2022;123,21;91,32;2,6853;2,8554;1297,75
04/03/2022;118,11;92,31;2,6785;2,8751;1184,25
03/03/2022;110,46;90,27;2,6427;2,8395;1095,5
02/03/2022;112,93;88,26;2,607;2,7689;1044
01/03/2022;104,97;88,2;2,5752;2,7412;962
28/02/2022;100,99;88,15;2,5543;2,7592;881,25
25/02/2022;97,93;86,82;2,5423;2,7855;836,5
24/02/2022;99,08;86,61;2,521;2,7945;891,25
23/02/2022;96,84;87,35;2,5229;2,744;831
22/02/2022;96,84;85,6;2,4595;2,6691;834,25
21/02/2022;95,39;83,31;2,398;2,6274;823
18/02/2022;93,54;85,14;2,4424;2,6912;811,5
17/02/2022;92,97;86,9;2,4622;2,6718;809,5
16/02/2022;94,81;86,96;2,457;2,6923;837,5
15/02/2022;93,28;85,43;2,4318;2,674;818,25
14/02/2022;96,48;83,82;2,419;2,6343;839,75
11/02/2022;94,44;82,12;2,3841;2,6085;827,25
10/02/2022;91,41;82,64;2,3908;2,5942;829,75
09/02/2022;91,55;81,22;2,3574;2,5636;829,75
08/02/2022;90,78;78,23;2,2754;2,4876;812,5
07/02/2022;92,69;78,9;2,2989;2,4818;852,5
04/02/2022;93,27;79,46;2,3043;2,4777;851,5
03/02/2022;91,11;77,85;2,2921;2,4461;818,75
02/02/2022;89,47;76,99;2,2763;2,4095;800,5
01/02/2022;89,16;76,08;2,2565;2,3574;802
31/01/2022;91,21;75,21;2,2285;2,3301;796,25
28/01/2022;90,03;76,99;2,2968;2,3959;802
27/01/2022;89,34;76,56;2,2717;2,3778;789,75
26/01/2022;89,96;75,98;2,2471;2,3714;787,5
25/01/2022;88,2;75,57;2,2339;2,3535;761,5
24/01/2022;86,27;73,79;2,2061;2,3314;753,25
21/01/2022;87,89;72,76;2,168;2,3078;769,25
20/01/2022;88,38;71,12;2,1522;2,2578;773,25
19/01/2022;88,44;68,23;2,09;2,173;776
18/01/2022;87,51;70,86;2,1217;2,2199;765,25
17/01/2022;86,48;72,38;2,1778;2,2663;762,25
14/01/2022;86,06;70,87;2,1275;2,2204;749,25
13/01/2022;84,47;70,73;2,1108;2,2184;737,5
12/01/2022;84,67;71,29;2,1165;2,2328;726
11/01/2022;83,72;71,67;2,1372;2,2516;726
10/01/2022;80,87;70,94;2,1284;2,2503;711
07/01/2022;81,75;72,36;2,1485;2,2613;712,5
06/01/2022;81,99;72,05;2,1;2,2246;712,5
05/01/2022;80,8;69,49;2,0433;2,1712;702
04/01/2022;80;66,26;1,9529;2,0984;685,75
03/01/2022;78,98;66,5;1,9677;2,1034;676
31/12/2021;77,78;65,57;1,9511;2,0771;667
30/12/2021;79,32;66,18;1,9801;2,0638;677,75
29/12/2021;79,23;69,95;2,0771;2,1521;672,25
28/12/2021;78,94;68,15;2,0294;2,0945;678
27/12/2021;78,6;78,39;2,3197;2,383;676,75
24/12/2021;76,14;78,5;2,3372;2,3843;653
23/12/2021;76,85;76,75;2,2602;2,3254;661,5
22/12/2021;75,29;76,1;2,2119;2,2934;649
21/12/2021;73,98;79,01;2,2943;2,384;639,25
20/12/2021;71,52;78,36;2,2803;2,3644;606,25
17/12/2021;73,52;80,76;2,3497;2,4309;641,5
16/12/2021;75,02;80,88;2,3288;2,3981;653
15/12/2021;73,88;80,79;2,3114;2,4037;635,5
14/12/2021;73,7;81,59;2,3178;2,4471;642,25
13/12/2021;74,39;81,34;2,2972;2,4521;648,75
10/12/2021;75,15;84,15;2,3752;2,5081;653,25
09/12/2021;74,42;81,93;2,3222;2,4671;653,25
08/12/2021;75,82;81,27;2,3209;2,4556;651,5
07/12/2021;75,44;78,81;2,2926;2,4066;648,5
06/12/2021;73,08;80,86;2,3385;2,4345;622,25
03/12/2021;69,88;83,91;2,4501;2,5082;619
02/12/2021;69,67;84,05;2,4093;2,5031;609,75
01/12/2021;68,87;83,57;2,462;2,4964;616
30/11/2021;70,57;82,81;2,435;2,5165;599,75
29/11/2021;73,44;82,66;2,4497;2,5148;625
26/11/2021;72,72;84,65;2,5168;2,5773;604,25
25/11/2021;82,22;83,76;2,5162;2,5647;688,5
24/11/2021;82,25;83,76;2,4821;2,5389;694,25
23/11/2021;82,31;82,5;2,4801;2,5491;686
22/11/2021;79,7;83,87;2,5084;2,5923;674
19/11/2021;78,89;82,96;2,4755;2,5607;657,5
18/11/2021;81,24;82,44;2,4866;2,5492;687
17/11/2021;80,28;82,28;2,4864;2,5737;690,25
16/11/2021;82,43;81,31;2,435;2,5614;701,75
15/11/2021;82,05;80,44;2,4055;2,5211;687
12/11/2021;82,17;80,64;2,3829;2,51;698,5
11/11/2021;82,87;80,52;2,3779;2,515;735,5
10/11/2021;82,64;79,35;2,3662;2,4737;735,5
09/11/2021;84,78;78,3;2,3344;2,4596;737,5
08/11/2021;83,43;77,43;2,3082;2,442;727,5
05/11/2021;82,74;78,93;2,3579;2,4936;720,75
04/11/2021;80,54;77,62;2,3085;2,4366;709,5
03/11/2021;81,99;75,88;2,25;2,3827;704,5
02/11/2021;84,72;75,03;2,2536;2,3417;722
01/11/2021;84,71;74,83;2,2293;2,3075;724,25
29/10/2021;84,38;75,29;2,2019;2,289;718,5
28/10/2021;84,32;75,45;2,2237;2,296;714,25
27/10/2021;84,58;73,98;2,1875;2,2671;726,75
26/10/2021;86,4;73,3;2,1715;2,2491;743
25/10/2021;85,99;72,23;2,1239;2,2116;744,25
22/10/2021;85,53;70,56;2,1052;2,1738;732,25
21/10/2021;84,61;70,29;2,1152;2,159;722,5
20/10/2021;85,82;71,97;2,1713;2,2091;738,25
19/10/2021;85,08;72,61;2,1812;2,211;735
18/10/2021;84,33;72,61;2,2066;2,2053;738,5
15/10/2021;84,86;70,46;2,1724;2,1613;746,75
14/10/2021;84;70,45;2,1609;2,1583;727,5
13/10/2021;83,18;69,72;2,154;2,146;723,25
12/10/2021;83,42;68,14;2,0997;2,1137;727,5
11/10/2021;83,65;69,3;2,1321;2,1364;727,5
08/10/2021;82,39;68,35;2,13;2,1216;716,75
07/10/2021;81,95;69,29;2,154;2,1594;704,5
06/10/2021;81,08;69,99;2,1635;2,1677;703,5
05/10/2021;82,56;68,59;2,1109;2,1289;720,25
04/10/2021;81,26;68,5;2,2826;2,131;697,5
01/10/2021;79,28;69,21;2,3127;2,1403;673,25
30/09/2021;78,52;68,74;2,2742;2,1092;676,25
29/09/2021;78,64;67,42;2,2554;2,0832;666,75
28/09/2021;79,09;68,36;2,3008;2,1182;664,25
27/09/2021;79,53;67,54;2,1808;2,0668;669,25
24/09/2021;78,09;65,64;2,1232;2,0051;655,25
23/09/2021;77,25;62,32;2,0236;1,9082;648
22/09/2021;76,19;63,69;2,0815;1,969;636,25
21/09/2021;74,36;65,46;2,1477;2,0212;620
20/09/2021;73,92;66,59;2,1656;2,0361;627,5
17/09/2021;75,34;67,29;2,2009;2,0483;631,5
16/09/2021;75,67;68,44;2,2626;2,0779;628,75
15/09/2021;75,46;69,09;2,2754;2,1039;633,25
14/09/2021;73,6;69,25;2,3022;2,1058;615
13/09/2021;73,51;68,29;2,2679;2,0802;615
10/09/2021;72,92;66,48;2,2348;2,0421;605,5
09/09/2021;71,45;68,28;2,2569;2,0845;605,5
08/09/2021;72,6;69,09;2,294;2,106;605
07/09/2021;71,69;68,15;2,25;2,0741;602
06/09/2021;72,22;70,56;2,2708;2,1264;607
03/09/2021;72,61;71,26;2,2747;2,1358;613,25
02/09/2021;73,03;73,95;2,3659;2,1994;617,25
01/09/2021;71,59;73,62;2,3514;2,1894;595
31/08/2021;72,99;72,39;2,3082;2,156;601,5
30/08/2021;73,41;71,65;2,3141;2,1439;603,25
27/08/2021;72,7;71,91;2,3083;2,151;598,5
26/08/2021;71,07;72,07;2,2913;2,1339;588,75
25/08/2021;72,25;71,91;2,2732;2,1326;589
24/08/2021;71,05;70,3;2,2167;2,087;584,5
23/08/2021;68,75;67,42;2,1315;2,0127;569,25
20/08/2021;65,18;66,42;2,1104;1,9852;546,25
19/08/2021;66,45;71,81;2,2536;2,1133;543,25
18/08/2021;68,23;71,65;2,2503;2,1126;570,75
17/08/2021;69,03;73,13;2,2935;2,1435;574,25
16/08/2021;69,51;75,25;2,3183;2,1844;571,25
13/08/2021;70,59;74,1;2,2772;2,1498;582,5
12/08/2021;71,31;74,56;2,292;2,1552;575,5
11/08/2021;71,44;72,94;2,2552;2,1204;575,5
10/08/2021;70,63;72,2;2,206;2,0891;579,5
09/08/2021;69,04;73,37;2,2282;2,1049;562
06/08/2021;70,7;75,16;2,2998;2,1791;580,25
05/08/2021;71,29;75,23;2,2676;2,1562;585
04/08/2021;70,38;73,47;2,2444;2,1287;581,5
03/08/2021;72,41;72,98;2,239;2,1219;591,75
02/08/2021;72,89;72,91;2,2166;2,1182;596,25
30/07/2021;76,33;74,05;2,2639;2,1493;613,25
29/07/2021;76,05;73,3;2,2809;2,1623;609,25
28/07/2021;74,74;73,08;2,2669;2,1594;601
27/07/2021;74,48;73,06;2,2243;2,151;600,5
26/07/2021;74,5;73,66;2,1969;2,1268;600
23/07/2021;74,1;71,64;2,1683;2,0932;599
22/07/2021;73,79;71,04;2,1342;2,0668;592,5
21/07/2021;72,23;72,15;2,1562;2,1034;585,25
20/07/2021;69,35;72,12;2,1705;2,1123;562,25
19/07/2021;68,62;70,88;2,1712;2,1116;562,5
16/07/2021;73,59;70,91;2,1861;2,1207;597
15/07/2021;73,47;70,29;2,2122;2,1434;601,25
14/07/2021;74,76;69,96;2,2025;2,1295;612,5
13/07/2021;76,49;70,05;2,219;2,135;613
12/07/2021;75,16;69,23;2,1931;2,1156;610
09/07/2021;75,55;69,62;2,2115;2,1199;610
08/07/2021;74,12;68,81;2,2018;2,1017;592,25
07/07/2021;73,43;68,83;2,1941;2,1071;585,5
06/07/2021;74,53;67,72;2,1704;2,0715;598,75
05/07/2021;77,16;66,32;2,1402;2,0445;615,5
02/07/2021;76,17;66,85;2,1518;2,0564;611,25
01/07/2021;75,84;66,21;2,1501;2,0452;606
30/06/2021;75,13;66,07;2,1173;2,0354;596,75
29/06/2021;74,76;66,05;2,1177;2,042;600,25
28/06/2021;74,68;63,58;2,0685;1,9882;599,5
25/06/2021;76,18;62,05;2,0472;1,9644;606
24/06/2021;75,56;63,36;2,102;2,0071;603,25
23/06/2021;75,19;65,49;2,1609;2,0564;607
22/06/2021;74,81;66,27;2,1583;2,0604;600,25
21/06/2021;74,9;65,37;2,1266;2,0362;596
18/06/2021;73,51;63,82;2,0953;2,0009;593,5
17/06/2021;73,08;66,08;2,161;2,0695;591,5
16/06/2021;74,39;65,28;2,1399;2,0417;605,75
15/06/2021;73,99;64,92;2,1334;2,0166;596,5
14/06/2021;72,86;64,9;2,1269;2,0106;594,25
11/06/2021;72,69;64,71;2,1137;1,9895;589,5
10/06/2021;72,52;65,63;2,1513;2,0025;584,75
09/06/2021;72,22;65,69;2,1512;1,9988;584,75
08/06/2021;72,22;64,49;2,1015;1,9519;580,5
07/06/2021;71,49;63,58;2,0698;1,9211;580,5
04/06/2021;71,89;65,01;2,0999;1,9614;581,25
03/06/2021;71,31;63,86;2,0722;1,9386;576,25
02/06/2021;71,35;62,94;2,0204;1,9057;577,75
01/06/2021;70,25;61,91;1,9786;1,8785;573
31/05/2021;69,32;62,14;1,9957;1,8735;567,25
28/05/2021;69,63;61,43;1,9747;1,8608;565,5
27/05/2021;69,46;61,35;1,9834;1,8537;561,75
26/05/2021;68,87;62,44;2,0174;1,8801;561
25/05/2021;68,65;63,38;2,0445;1,8925;558,5
24/05/2021;68,46;63,13;2,0399;1,8957;556,75
21/05/2021;66,44;63,46;2,0518;1,8989;546,5
20/05/2021;65,11;63,15;2,0355;1,89;546,5
19/05/2021;66,66;60,18;1,9757;1,8145;543,5
18/05/2021;68,71;59,7;1,97;1,808;566
17/05/2021;69,46;59,32;1,9621;1,8076;563,5
14/05/2021;68,71;59,6;1,9593;1,8098;557,25
13/05/2021;67,05;59,77;1,9518;1,8079;548,75
12/05/2021;69,32;59,33;1,9663;1,7941;556,25
11/05/2021;68,55;58,65;1,9611;1,7724;556,25
10/05/2021;68,32;61,45;2,0223;1,8316;552,5
07/05/2021;68,28;59,16;1,9533;1,7713;550,5
06/05/2021;68,09;60,55;1,989;1,7892;551
05/05/2021;68,96;61,56;1,9952;1,8098;559,25
04/05/2021;68,88;60,97;1,9673;1,81;551,25
03/05/2021;67,56;58,56;1,9209;1,7478;543,5
30/04/2021;67,25;61,18;1,989;1,8256;533,75
29/04/2021;68,56;57,76;1,8964;1,7489;543,75
28/04/2021;67,27;61,55;1,9598;1,8293;539,25
27/04/2021;66,42;61,42;1,9431;1,8223;525,5
26/04/2021;65,65;60;1,9441;1,7842;522,75
23/04/2021;66,11;64,6;2,0471;1,9061;525
22/04/2021;65,4;64,8;2,1012;1,9327;521,25
21/04/2021;65,32;65,39;2,1046;1,9489;520,25
20/04/2021;66,57;65,61;2,15;1,9675;519
19/04/2021;67,05;66,02;2,138;1,9594;529
16/04/2021;66,77;64,44;2,0795;1,9173;531,5
15/04/2021;66,94;64,01;2,0502;1,9073;530
14/04/2021;66,58;65,05;2,0487;1,9085;528,25
13/04/2021;63,67;66,09;2,0647;1,944;509,5
12/04/2021;63,28;63,83;1,9979;1,896;503,75
09/04/2021;62,95;61,28;1,9518;1,8357;503,75
08/04/2021;63,2;59,75;1,9364;1,8081;500,5
07/04/2021;63,16;60,64;1,9429;1,8192;493,5
06/04/2021;62,74;61,5;1,877;1,8565;503,5
05/04/2021;62,15;63,53;1,8923;1,9066;498,5
01/04/2021;64,86;63,22;1,8956;1,9083;496,25
31/03/2021;63,54;61,67;1,8586;1,868;505,25
30/03/2021;64,14;61,49;1,8417;1,8586;506,5
29/03/2021;64,98;59,24;1,8069;1,8229;505,25
26/03/2021;64,57;60,52;1,7943;1,8364;510,75
25/03/2021;61,95;61,14;1,8105;1,8377;488
24/03/2021;64,41;60,05;1,7729;1,8144;508
23/03/2021;60,79;59,47;1,6925;1,7714;497,25
22/03/2021;64,62;58,24;1,6502;1,7446;513,5
19/03/2021;64,53;58,68;1,6534;1,761;510,5
18/03/2021;63,28;58,36;1,6736;1,7567;515,5
17/03/2021;68;57,97;1,6748;1,7478;532,25
16/03/2021;68,39;56,85;1,6493;1,7137;538,5
15/03/2021;68,88;56,23;1,6448;1,7005;544
12/03/2021;69,22;55,69;1,6486;1,6905;553,25
11/03/2021;69,63;54,76;1,616;1,6746;530,5
10/03/2021;67,9;53,55;1,5901;1,6469;530,5
09/03/2021;67,52;52,2;1,5725;1,6004;537,75
08/03/2021;68,24;52,34;1,5829;1,6017;546
05/03/2021;69,36;52,85;1,5771;1,6089;547,5
04/03/2021;66,74;52,61;1,5807;1,5984;535,25
03/03/2021;64,07;52,77;1,5611;1,5939;520
02/03/2021;62,7;52,27;1,5487;1,576;517,75
01/03/2021;63,69;53,13;1,5479;1,6006;526,75
26/02/2021;66,13;53,24;1,5439;1,6004;532
25/02/2021;66,88;52,98;1,5381;1,5987;542,25
24/02/2021;67,04;52,36;1,5284;1,5929;541,5
23/02/2021;65,37;53,57;1,5539;1,6194;532
22/02/2021;65,24;52,91;1,5488;1,5989;526
19/02/2021;62,91;53,21;1,553;1,5967;523
18/02/2021;63,93;52,25;1,5208;1,5735;526,75
17/02/2021;64,34;52,24;1,5423;1,5795;519,25
16/02/2021;63,35;50,83;1,4827;1,5381;515,25
15/02/2021;63,3;50,63;1,475;1,5287;518,25
12/02/2021;62,43;49,93;1,4521;1,5189;502,75
11/02/2021;61,14;47,62;1,3729;1,462;501
10/02/2021;61,47;48,52;1,4084;1,4763;501
09/02/2021;61,09;48,4;1,412;1,4898;496,25
08/02/2021;60,56;48;1,3879;1,4868;493,5
05/02/2021;59,34;47,62;1,3677;1,479;487,5
04/02/2021;58,84;48,23;1,3789;1,49;475,5
03/02/2021;58,46;48,12;1,382;1,4975;477,25
02/02/2021;57,46;47,02;1,3395;1,4616;471,75
01/02/2021;56,35;47,74;1,3604;1,4774;454,25
29/01/2021;55,88;49,1;1,3956;1,513;450,25
28/01/2021;55,53;48,36;1,3881;1,4952;451,25
27/01/2021;55,81;47,82;1,3529;1,4779;456
26/01/2021;55,91;47,62;1,3268;1,4644;451
25/01/2021;55,88;46,99;1,3191;1,4544;448,5
22/01/2021;55,41;46,57;1,3077;1,4369;449,25
21/01/2021;56,1;46,78;1,3166;1,4357;455
20/01/2021;56,08;45,52;1,2759;1,3989;459,5
19/01/2021;55,9;45,6;1,2559;1,4067;459,25
18/01/2021;54,75;45,76;1,2558;1,3992;453,5
15/01/2021;55,1;46,26;1,2685;1,403;452
14/01/2021;56,42;45,64;1,2617;1,3933;459,5
13/01/2021;56,06;45,28;1,2399;1,3662;460,25
12/01/2021;56,58;44,55;1,2204;1,3473;445,75
11/01/2021;55,66;45,34;1,2489;1,3559;445,75
08/01/2021;55,99;45,53;1,282;1,3805;443,75
07/01/2021;54,38;45,71;1,2875;1,3866;436,25
06/01/2021;54,3;44,91;1,2582;1,3595;434,75
05/01/2021;53,6;43,06;1,204;1,3105;431,75
04/01/2021;51,09;42,15;1,1752;1,2863;419,75
31/12/2020;51,8;41,74;1,1625;1,2707;420,75
30/12/2020;51,34;41,82;1,1629;1,264;425,25
29/12/2020;51,09;41,43;1,1532;1,2391;424,75
28/12/2020;50,86;41,34;1,1468;1,2289;426,75
24/12/2020;51,29;40,13;1,1254;1,2042;423,5
23/12/2020;51,2;41,12;1,1571;1,2333;427
22/12/2020;50,08;41,45;1,1759;1,2458;418
21/12/2020;50,91;41,36;1,1941;1,2525;414,25
18/12/2020;52,26;40,29;1,1607;1,2167;433,5
17/12/2020;51,5;37,14;1,0844;1,1426;426,75
16/12/2020;51,08;38,79;1,1159;1,1696;418,75
15/12/2020;50,76;39,15;1,1081;1,1735;419,75
14/12/2020;50,29;37,66;1,0769;1,1271;410,5
11/12/2020;49,97;36,81;1,052;1,1123;412
10/12/2020;50,25;35,79;1,0495;1,0813;398,5
09/12/2020;48,86;36,17;1,0515;1,0884;398,5
08/12/2020;48,84;37,39;1,0814;1,1142;402
07/12/2020;48,79;39,57;1,1434;1,1577;401,5
04/12/2020;49,25;38,56;1,1116;1,1218;397,5
03/12/2020;48,71;39,85;1,1389;1,1513;396,5
02/12/2020;48,25;40,64;1,1581;1,1607;390,5
01/12/2020;47,42;40,03;1,1403;1,1399;386,25
30/11/2020;47,59;41,46;1,1879;1,1735;387
27/11/2020;48,18;40,83;1,1623;1,1581;391,5
26/11/2020;47,8;40,88;1,1688;1,1791;389
25/11/2020;48,61;40,96;1,18;1,1887;389,25
24/11/2020;47,86;41,04;1,1971;1,1925;388,75
23/11/2020;46,06;40,2;1,1827;1,169;370,25
20/11/2020;44,96;39,43;1,1757;1,1571;359,5
19/11/2020;44,2;40,6;1,2032;1,1933;357,75
18/11/2020;44,34;41,19;1,2316;1,1923;360,75
17/11/2020;43,75;39,95;1,2009;1,1608;350,25
16/11/2020;43,82;40,67;1,2351;1,1886;352,75
13/11/2020;42,78;39,22;1,1941;1,1333;344,75
12/11/2020;43,53;37,05;1,1235;1,085;358,5
11/11/2020;43,8;38,72;1,1524;1,125;358,5
10/11/2020;43,61;40,22;1,2008;1,1454;351
09/11/2020;42,4;39,29;1,2017;1,109;343,75
06/11/2020;39,45;40,6;1,2466;1,1395;322,75
05/11/2020;40,93;40,25;1,2142;1,1262;327
04/11/2020;41,23;40,31;1,1957;1,1167;327,5
03/11/2020;39,71;39,93;1,1813;1,1075;316,75
02/11/2020;38,97;39,6;1,1643;1,0961;307,25
30/10/2020;37,46;39,31;1,1771;1,1073;305
29/10/2020;37,65;41,11;1,2366;1,159;304
28/10/2020;39,12;40,97;1,2244;1,1598;314,75
27/10/2020;41,2;40,16;1,1889;1,1163;329,5
26/10/2020;40,46;38,28;1,1381;1,0993;320,25
23/10/2020;41,77;37,26;1,1068;1,0934;335
22/10/2020;42,46;37,33;1,0949;1,0896;336,25
21/10/2020;41,73;37,3;1,0977;1,0824;328
20/10/2020;43,16;38,05;1,1193;1,1061;337,25
19/10/2020;42,62;36,76;1,1028;1,0768;341
16/10/2020;42,93;39,77;1,1772;1,1515;344,75
15/10/2020;43,16;41,37;1,2049;1,1677;341,5
14/10/2020;43,32;41,51;1,202;1,1885;343
13/10/2020;42,45;42,76;1,2247;1,2308;339,25
12/10/2020;41,72;42,61;1,2761;1,1961;347
09/10/2020;42,85;42,97;1,3155;1,2162;347
08/10/2020;43,34;43,04;1,2845;1,2107;343,5
07/10/2020;41,99;43,39;1,3606;1,2447;332,25
06/10/2020;42,65;43,35;1,3959;1,2601;341,75
05/10/2020;41,29;42,62;1,3671;1,2476;329
02/10/2020;39,27;42,34;1,2841;1,208;314,75
01/10/2020;40,93;42,58;1,2965;1,2467;317
30/09/2020;40,95;42,93;1,2905;1,251;329,5
29/09/2020;41,03;42,89;1,283;1,2604;325,5
28/09/2020;42,43;42,89;1,27;1,2391;330,25
25/09/2020;41,92;42,01;1,2446;1,2367;325,25
24/09/2020;41,94;42,24;1,2348;1,2381;320,75
23/09/2020;41,77;42,67;1,2438;1,2572;325,75
22/09/2020;41,72;41,61;1,2045;1,2384;322,25
21/09/2020;41,44;41,94;1,2293;1,2369;321,75
18/09/2020;43,15;41,22;1,2076;1,2199;339,75
17/09/2020;43,3;41,95;1,2281;1,2499;340
16/09/2020;42,22;42,19;1,2228;1,2631;325,25
15/09/2020;40,53;41,7;1,2143;1,2584;320
14/09/2020;39,61;41,01;1,2131;1,2409;319,75
11/09/2020;39,83;40,27;1,1871;1,2171;324
10/09/2020;40,06;39,92;1,2204;1,2119;317,25
09/09/2020;40,79;41,27;1,2415;1,2533;317,25
08/09/2020;39,78;41,04;1,2656;1,2421;309,5
07/09/2020;42,01;41,6;1,2747;1,2541;328
04/09/2020;42,66;41,29;1,2848;1,2563;335,5
03/09/2020;44,07;41,07;1,2586;1,2541;334,5
02/09/2020;44,43;41,9;1,2828;1,2707;355,25
01/09/2020;45,58;41,96;1,2797;1,28;365,75
31/08/2020;45,28;40,81;1,2285;1,2355;362
28/08/2020;45,05;40,59;1,2245;1,2191;365,5
27/08/2020;45,09;40,75;1,2339;1,2279;362,5
26/08/2020;45,64;41,2;1,2645;1,2448;371
25/08/2020;45,86;40,29;1,2474;1,2208;378,5
24/08/2020;45,13;40,1;1,2734;1,2235;370,75
21/08/2020;44,35;40,55;1,2831;1,2412;360
20/08/2020;44,9;39,62;1,2505;1,2239;371
19/08/2020;45,37;40,9;1,2909;1,2344;376,75
18/08/2020;45,46;40,62;1,275;1,2433;380
17/08/2020;45,37;40,63;1,2408;1,2417;375
14/08/2020;44,8;40,65;1,2592;1,2311;374,5
13/08/2020;44,96;39,82;1,2169;1,1996;376,5
12/08/2020;45,43;39,27;1,2001;1,1781;376
11/08/2020;44,5;39,7;1,1841;1,1654;376
10/08/2020;44,99;38,49;1,1533;1,1363;367,75
07/08/2020;44,4;38,72;1,1942;1,1556;369
06/08/2020;45,09;38,01;1,1964;1,1508;374,5
05/08/2020;45,17;40,37;1,2994;1,203;388
04/08/2020;44,43;40,46;1,2913;1,2186;370,75
03/08/2020;44,15;39,75;1,2716;1,2114;370
31/07/2020;43,3;38,84;1,2577;1,1986;365
30/07/2020;42,94;37,96;1,2153;1,182;360,25
29/07/2020;43,75;38,38;1,2073;1,1822;377,25
28/07/2020;43,22;37,12;1,1657;1,137;371
27/07/2020;43,41;36,26;1,1243;1,1014;370
24/07/2020;43,34;36,34;1,1188;1,088;374,75
23/07/2020;43,31;39,6;1,2099;1,173;377,75
22/07/2020;44,29;38,94;1,2103;1,1547;379,25
21/07/2020;44,32;38,19;1,195;1,1213;386,75
20/07/2020;43,28;39,55;1,2136;1,1506;370,5
17/07/2020;43,14;37,41;1,149;1,0741;367,5
16/07/2020;43,37;37,29;1,1193;1,0646;369
15/07/2020;43,79;36,81;1,1183;1,0921;371
14/07/2020;42,9;35,44;1,0667;1,029;366,5
13/07/2020;42,72;35,49;1,0259;0,9647;368,5
10/07/2020;43,24;33,71;0,9985;0,9256;364,5
09/07/2020;42,35;32,81;0,9933;0,9721;364,5
08/07/2020;43,29;34,35;1,0489;0,9908;367,75
07/07/2020;43,08;33,25;1,0382;0,982;370,5
06/07/2020;43,1;33,92;1,0451;0,989;372,5
03/07/2020;42,8;33,49;1,0438;0,9906;364
02/07/2020;43,14;32,5;1,0452;0,9736;363
01/07/2020;42,03;31,82;1,0258;1,0064;357,5
30/06/2020;41,15;29,43;0,9702;0,9204;352,25
29/06/2020;41,71;27,56;0,9145;0,8948;348
26/06/2020;41,02;25,29;0,8527;0,8314;339
25/06/2020;41,05;25,78;0,9185;0,8384;344,5
24/06/2020;40,31;24,14;0,9242;0,8687;345,75
23/06/2020;42,63;24,74;0,9522;0,8993;367,75
22/06/2020;43,08;23,55;0,9314;0,8371;364,5
19/06/2020;42,19;23,99;0,8769;0,824;364,5
18/06/2020;41,51;24,56;0,9013;0,896;353,75
17/06/2020;40,71;20,39;0,8215;0,8031;349,5
16/06/2020;40,96;19,78;0,7663;0,7961;346
15/06/2020;39,72;18,84;0,6978;0,7319;330,5
12/06/2020;38,73;15,06;0,7272;0,6945;328,5
11/06/2020;38,55;12,34;0,6672;0,6308;336
10/06/2020;41,73;12,78;0,6483;0,6104;336
09/06/2020;41,18;16,94;0,6612;0,6467;329
08/06/2020;40,8;16,5;0,6436;0,7345;330
05/06/2020;42,3;13,78;0,6384;0,7311;330,5
04/06/2020;39,99;10,01;0,5103;0,7269;302,5
03/06/2020;39,79;-37,63;0,6683;0,8878;307,25
02/06/2020;39,57;18,27;0,7107;0,9563;314
01/06/2020;38,32;19,87;0,7051;0,9463;293,75
29/05/2020;35,33;19,87;0,7204;0,9138;283,75
28/05/2020;35,29;20,11;0,72;0,9442;281
27/05/2020;34,74;22,41;0,7033;0,9946;286,75
26/05/2020;36,17;22,76;0,6773;0,9726;297
25/05/2020;35,53;25,09;0,678;1,0107;299,75
22/05/2020;35,13;23,63;0,6482;1,0275;287,75
21/05/2020;36,06;26,08;0,7016;1,0457;296,5
20/05/2020;35,75;28,34;0,6916;1,0706;299,5
19/05/2020;34,65;25,32;0,6628;0,9951;290,25
18/05/2020;34,81;20,31;0,5465;0,9323;302,75
15/05/2020;32,5;20,48;0,5732;1,0121;269,75
14/05/2020;31,13;20,09;0,5855;1,0194;255,25
13/05/2020;29,19;21,51;0,5737;1,0685;245,25
12/05/2020;29,98;22,6;0,5438;1,0503;240
11/05/2020;29,63;24,49;0,5468;1,0978;240
08/05/2020;30,97;24,01;0,4437;1,0803;242,25
07/05/2020;29,46;23,36;0,4118;1,0161;237,75
06/05/2020;29,72;22,43;0,6054;1,0063;228
05/05/2020;30,97;25,22;0,685;1,0417;241,75
04/05/2020;27,2;20,37;0,6377;0,9542;210,75
01/05/2020;26,44;26,95;0,7114;1,0357;220
30/04/2020;25,27;28,7;0,6899;1,0466;236,75
29/04/2020;22,54;31,73;0,8992;1,1374;208,5
28/04/2020;20,46;31,5;0,8975;1,1598;191,5
27/04/2020;19,99;32,98;1,1103;1,238;190,75
24/04/2020;21,44;34,36;1,1571;1,2499;205
23/04/2020;21,33;31,13;1,1369;1,1629;227,75
22/04/2020;20,37;41,28;1,389;1,3852;212
21/04/2020;19,33;45,9;1,5218;1,4885;216
20/04/2020;25,57;46,78;1,5555;1,5332;261,75
17/04/2020;28,08;47,18;1,5313;1,533;275,5
16/04/2020;27,82;46,75;1,5396;1,5287;271
15/04/2020;27,69;44,76;1,3955;1,4906;260,75
14/04/2020;29,6;47,09;1,4106;1,4892;279,5
13/04/2020;31,74;48,73;1,4549;1,4994;298,5
09/04/2020;31,48;49,9;1,5324;1,5685;302,5
08/04/2020;32,84;51,43;1,6091;1,6132;298
07/04/2020;31,87;53,38;1,6506;1,6866;298
06/04/2020;33,05;53,78;1,6697;1,6976;293,75
03/04/2020;34,11;53,29;1,6633;1,7068;297
02/04/2020;29,94;52,05;1,6148;1,6724;276
01/04/2020;24,74;52,05;1,5833;1,6982;271,75
31/03/2020;22,74;51,42;1,5802;1,6805;292,75
30/03/2020;22,76;51,17;1,581;1,6757;285,25
27/03/2020;24,93;49,94;1,5142;1,6267;300,25
26/03/2020;26,34;49,57;1,5213;1,6125;303,75
25/03/2020;27,39;50,32;1,5239;1,6433;306
24/03/2020;27,15;50,95;1,498;1,6654;303,25
23/03/2020;27,03;50,75;1,4863;1,6454;286
20/03/2020;26,98;49,61;1,4432;1,5839;301
19/03/2020;28,47;50,11;1,4737;1,5779;287,75
18/03/2020;24,88;51,56;1,4887;1,6245;271,25
17/03/2020;28,73;52,14;1,4937;1,6396;300
16/03/2020;30,05;53,33;1,5308;1,7035;306,25
13/03/2020;33,85;53,48;1,5032;1,7159;336,5
12/03/2020;33,22;53,14;1,484;1,6795;376
11/03/2020;35,79;54,19;1,5152;1,734;376
10/03/2020;37,22;55,59;1,5602;1,7916;369
09/03/2020;34,36;56,74;1,5796;1,8002;359,25
06/03/2020;45,27;58,34;1,6365;1,8292;413,25
05/03/2020;49,99;58,54;1,6406;1,8592;456
04/03/2020;51,13;58,52;1,6548;1,86;462,25
03/03/2020;51,86;57,81;1,6368;1,8779;460,25
02/03/2020;51,9;58,23;1,6544;1,9103;454,5
28/02/2020;50,52;58,08;1,6573;1,898;441
27/02/2020;52,18;59,04;1,6596;1,9284;445,25
26/02/2020;53,43;59,56;1,6527;1,9501;468,75
25/02/2020;54,95;59,61;1,6488;1,9582;485,75
24/02/2020;56,3;62,7;1,7222;2,0324;485,5
21/02/2020;58,5;63,27;1,7544;2,0339;508,5
20/02/2020;59,31;63,05;1,7488;2,0614;519
19/02/2020;59,12;61,18;1,7042;2,0241;517
18/02/2020;57,75;;;;504
17/02/2020;57,67;;;;510,25
14/02/2020;57,32;;;;514,5
13/02/2020;56,34;;;;512,5
12/02/2020;55,79;;;;494,25
11/02/2020;54,01;;;;494,25
10/02/2020;53,27;;;;492,5
07/02/2020;54,47;;;;505,25
06/02/2020;54,93;;;;507,75
05/02/2020;55,28;;;;506,25
04/02/2020;53,96;;;;491,75
03/02/2020;54,45;;;;483,5
31/01/2020;58,16;;;;501
30/01/2020;58,29;;;;509
29/01/2020;59,81;;;;523,25
28/01/2020;59,51;;;;525
27/01/2020;59,32;;;;511,5
24/01/2020;60,69;;;;536
23/01/2020;62,04;;;;545,5
22/01/2020;63,21;;;;552,25
21/01/2020;64,59;;;;569
20/01/2020;65,2;;;;576,75
17/01/2020;64,85;;;;568,75
16/01/2020;64,62;;;;576
15/01/2020;64;;;;575,75
14/01/2020;64,49;;;;579,5
13/01/2020;64,2;;;;577
10/01/2020;64,98;;;;593,25
09/01/2020;65,37;;;;593,25
08/01/2020;65,44;;;;606,25
07/01/2020;68,27;;;;616,75
06/01/2020;68,91;;;;620
03/01/2020;68,6;;;;625,5
02/01/2020;66,25;;;;615,5
